address,contract_type,impl_address,decimals,event_count,first_seen,last_seen
0x3e36372119f12dee3de6c260cc7283557c24f471,MapleLoan,0x7a6f2c7b4f6ad1cb00ab23ecc5b41d25da439005,6,10,2023-06-01,2025-03-07
0x1f2bca37106b30c4d72d8e60ebd2bfeaa10bffe2,MapleLoan,0x7a6f2c7b4f6ad1cb00ab23ecc5b41d25da439005,6,9,2023-06-01,2025-02-14
0xd0bab1d546e4a623839791f30481862a1cb1a428,MapleLoan,0x7a6f2c7b4f6ad1cb00ab23ecc5b41d25da439005,6,8,2022-04-08,2022-11-21
0xc3f20c6eefe39e2be8214dcc8cc41479a115f8ea,MapleLoan,0x7a6f2c7b4f6ad1cb00ab23ecc5b41d25da439005,6,7,2022-04-12,2022-11-08
0x48a89e5267dd3e22822c99d0bf60a8a4cfd48b48,MapleLoan,0x7a6f2c7b4f6ad1cb00ab23ecc5b41d25da439005,6,7,2023-03-16,2023-11-08
0x1a733df2d0cb01c0cee221ed0533b3c038bc1945,MapleLoan,0x7a6f2c7b4f6ad1cb00ab23ecc5b41d25da439005,6,7,2022-04-11,2022-11-07
0x6c4463896be1bfaafd4378882a92e0113532090d,MapleLoan,0x7a6f2c7b4f6ad1cb00ab23ecc5b41d25da439005,6,7,2022-04-07,2022-11-05
0xecfecc0d17b756266ba3b57bcfa8f8be051adf6d,MapleLoan,0x7a6f2c7b4f6ad1cb00ab23ecc5b41d25da439005,6,7,2022-05-05,2022-11-12
0xe6e0586f009241b7a16ebe05d828d9e8231f3ade,MapleLoan,0x7a6f2c7b4f6ad1cb00ab23ecc5b41d25da439005,6,7,2023-03-16,2023-11-08
0x52eea5b529ecf8e700b7ab5293ba672486ae56fe,MapleLoan,0x7a6f2c7b4f6ad1cb00ab23ecc5b41d25da439005,6,6,2022-04-08,2022-09-06
0x1597bc9c167ba318da52ee94fdb0efaf84837bbf,MapleLoan,0x7a6f2c7b4f6ad1cb00ab23ecc5b41d25da439005,6,6,2022-03-16,2022-08-14
0x7627d2285f0eef60c22f2a2685657664804ec634,MapleLoan,0x7a6f2c7b4f6ad1cb00ab23ecc5b41d25da439005,6,6,2022-06-03,2022-10-24
0x62314a3d00c09329319f8914aadb736264a7d4dc,MapleLoan,0x7a6f2c7b4f6ad1cb00ab23ecc5b41d25da439005,6,6,2022-03-21,2022-08-02
0x662d9bea49901dd961fb2671581b4aa280adfb98,MapleLoan,0x7a6f2c7b4f6ad1cb00ab23ecc5b41d25da439005,6,6,2022-04-22,2022-09-16
0xe41b6cfe3a220f7d59fef7d74025a2d0147de89a,MapleLoan,0x7a6f2c7b4f6ad1cb00ab23ecc5b41d25da439005,6,6,2022-02-28,2022-07-29
0xda1a100ecd1b4bbca1a8dba893a5091661c080f5,MapleLoan,0x7a6f2c7b4f6ad1cb00ab23ecc5b41d25da439005,6,6,2022-03-21,2022-08-02
0x4c2e95bb1b5454446183ddcf1803a18b0a97d888,MapleLoan,0x7a6f2c7b4f6ad1cb00ab23ecc5b41d25da439005,6,6,2022-03-02,2022-07-29
0x2e8d2efea5584ebe00c94a206473a70b3c556c0a,MapleLoan,0x7a6f2c7b4f6ad1cb00ab23ecc5b41d25da439005,6,6,2022-04-04,2022-09-13
0x5ede28fcb725b5e9d0e178c8f995ea71484ee090,MapleLoan,0x7a6f2c7b4f6ad1cb00ab23ecc5b41d25da439005,6,6,2022-03-11,2022-08-08
0x01e4533e02cb4da3578e8b329dcec2f7e53cdda3,MapleLoan,0x7a6f2c7b4f6ad1cb00ab23ecc5b41d25da439005,6,6,2022-04-06,2022-09-05
0x04e670b3e8962b1702fe8385f295b1f7700217de,MapleLoan,0x7a6f2c7b4f6ad1cb00ab23ecc5b41d25da439005,6,6,2022-03-25,2022-08-23
0xb715372589b3aef4ba6a0d6f154470f7a508696f,MapleLoan,0x7a6f2c7b4f6ad1cb00ab23ecc5b41d25da439005,6,6,2022-07-08,2022-11-12
0xff801bf26d2b91ea331c6675fce015a7fea58372,MapleLoan,0x7a6f2c7b4f6ad1cb00ab23ecc5b41d25da439005,6,6,2022-03-30,2022-08-25
0xc2527a9ababe33f36497708ca482567e81b1cd01,MapleLoan,0x7a6f2c7b4f6ad1cb00ab23ecc5b41d25da439005,6,6,2022-04-19,2022-09-16
0xb721a2ae1ba76a6d30b2f93c74e23453efb66058,MapleLoan,0x7a6f2c7b4f6ad1cb00ab23ecc5b41d25da439005,6,6,2022-03-24,2022-08-22
0x78a07659e823abbc7ab58e47bed3255545380620,MapleLoan,0x7a6f2c7b4f6ad1cb00ab23ecc5b41d25da439005,6,6,2022-05-20,2022-10-24
0x98e3c5f2ae55f6b471847e932fd64784c33f3a1e,MapleLoan,0x7a6f2c7b4f6ad1cb00ab23ecc5b41d25da439005,6,6,2022-03-14,2022-08-11
0x1dd2013ee684ae91add3df44fecc1f4192bf558d,MapleLoan,0x7a6f2c7b4f6ad1cb00ab23ecc5b41d25da439005,6,6,2022-04-19,2022-09-13
0xbca8d1a7cc590f5de2e5e93ea0e7a9c9a0b7e9bb,MapleLoan,0x7a6f2c7b4f6ad1cb00ab23ecc5b41d25da439005,6,6,2022-05-20,2022-10-18
0x50a38c95f05be144c4c8a789e8e629bd9fe86e99,MapleLoan,0x7a6f2c7b4f6ad1cb00ab23ecc5b41d25da439005,6,6,2022-03-14,2022-08-13
0x141ffd9bd6bc40fe58eb0396fa3e3feae8fee189,MapleLoan,0x7a6f2c7b4f6ad1cb00ab23ecc5b41d25da439005,6,6,2022-03-21,2022-08-17
0x4325843383aaa446c93a7f13e5f09420eac92391,MapleLoan,0x7a6f2c7b4f6ad1cb00ab23ecc5b41d25da439005,6,6,2022-03-08,2022-08-05
0xb7abacc257e67931fb6f3761b1552d0cbee41590,MapleLoan,0x7a6f2c7b4f6ad1cb00ab23ecc5b41d25da439005,6,6,2022-03-11,2022-08-02
0xbd23294f556f74083359c1afa4d352044eeaafd6,MapleLoan,0x7a6f2c7b4f6ad1cb00ab23ecc5b41d25da439005,6,6,2022-03-08,2022-08-06
0x43b0938b4c52eaab64eee8d5050387a4bb0e2ebe,MapleLoan,0x7a6f2c7b4f6ad1cb00ab23ecc5b41d25da439005,6,6,2022-05-07,2022-10-04
0x235f23675fd003a23717f25aa16198a4f9f4a2ce,MapleLoan,0x7a6f2c7b4f6ad1cb00ab23ecc5b41d25da439005,6,6,2022-04-21,2022-09-21
0xf2a3224dac7ef39b710b5ded3c33ce8be225a219,MapleLoan,0x7a6f2c7b4f6ad1cb00ab23ecc5b41d25da439005,6,6,2022-03-07,2022-08-03
0x5f5e0d5f66669c0f37d8cfba848ef92a5fe61a50,MapleLoan,0x7a6f2c7b4f6ad1cb00ab23ecc5b41d25da439005,6,6,2022-03-21,2022-08-17
0xa948182c5ba0aa003c61aba8d7095f18d1a2ab8f,MapleLoan,0x7a6f2c7b4f6ad1cb00ab23ecc5b41d25da439005,6,6,2022-06-29,2022-11-28
0x633e4e82c257e8f10175ac5677735e06ecd00c20,MapleLoan,0x7a6f2c7b4f6ad1cb00ab23ecc5b41d25da439005,6,6,2022-04-29,2022-10-06
0xbbf666a71f8ef31a4f6df6b01973abde2d7e4f71,MapleLoan,0x7a6f2c7b4f6ad1cb00ab23ecc5b41d25da439005,6,6,2022-03-25,2022-08-22
0x7df5a2238c62e4b7e05238da1fbe4b6fbbe22770,MapleLoan,0x7a6f2c7b4f6ad1cb00ab23ecc5b41d25da439005,6,6,2022-02-23,2022-07-22
0x5bc504b197cacd7c87ddb814d4517272e5bd29e7,MapleLoan,0x7a6f2c7b4f6ad1cb00ab23ecc5b41d25da439005,6,6,2022-03-14,2022-08-10
0x4061f041718c45bb24c166ba0501b6d16c6ad9bb,MapleLoan,0x7a6f2c7b4f6ad1cb00ab23ecc5b41d25da439005,6,6,2022-04-29,2022-10-05
0x6db9ef062bd1f6ef36a5cb8fe539b1024dec6800,MapleLoan,0x7a6f2c7b4f6ad1cb00ab23ecc5b41d25da439005,6,6,2022-04-20,2022-09-16
0x726893373de92b8272298d76a7d60a5f51b90da9,MapleLoan,0x7a6f2c7b4f6ad1cb00ab23ecc5b41d25da439005,6,6,2022-05-07,2022-11-04
0x4893e1ff8e05c39e93741729bec750a977bfe618,MapleLoan,0x7a6f2c7b4f6ad1cb00ab23ecc5b41d25da439005,6,6,2022-03-11,2022-08-09
0x874ff3c837d2642e663cbea7ac5dbc9ef010ebd1,MapleLoan,0x7a6f2c7b4f6ad1cb00ab23ecc5b41d25da439005,6,6,2022-03-24,2022-08-22
0x0c6b29fde49b1898910da272848d77cabca4b207,MapleLoan,0x7a6f2c7b4f6ad1cb00ab23ecc5b41d25da439005,6,6,2022-05-15,2022-10-11
0xcc23a17e681011a46c0a8099ab5cb2ffede80974,MapleLoan,0x7a6f2c7b4f6ad1cb00ab23ecc5b41d25da439005,6,6,2022-04-04,2022-09-05
0xb5a276d7fbc02a3a73dce4da573f57ce70b6ccd4,MapleLoan,0x7a6f2c7b4f6ad1cb00ab23ecc5b41d25da439005,6,6,2022-03-08,2022-08-07
0xeb4f034958c6d3da0293142dd11f9ee2e2ad5019,MapleLoan,0x7a6f2c7b4f6ad1cb00ab23ecc5b41d25da439005,6,4,2023-06-16,2023-10-17
0x0ea3d60970c4ac7c2f912bc37df5c0528477ea11,MapleLoan,0x7a6f2c7b4f6ad1cb00ab23ecc5b41d25da439005,6,4,2022-02-23,2022-05-20
0x69a8ebf9dc1677f5e61de22101e7e46179a9b668,MapleLoan,0x7a6f2c7b4f6ad1cb00ab23ecc5b41d25da439005,6,4,2023-07-19,2023-10-17
0x1b42e16958ed30dd3750d765c243bdde980fdf64,MapleLoan,0x7a6f2c7b4f6ad1cb00ab23ecc5b41d25da439005,6,4,2023-06-16,2023-10-17
0x0cbc028614f164a085fa24a895fe5e954fac5000,MapleLoan,0x7a6f2c7b4f6ad1cb00ab23ecc5b41d25da439005,6,4,2023-05-04,2023-10-17
0xfb520de9e8cad09a28a06e5fe27b8e392bffc209,MapleLoan,0x7a6f2c7b4f6ad1cb00ab23ecc5b41d25da439005,6,4,2023-06-16,2023-10-17
0xfcf8725d0d9a786448c5b9b9cc67226d7e4d5c3d,MapleLoan,0x7a6f2c7b4f6ad1cb00ab23ecc5b41d25da439005,6,4,2022-06-30,2022-10-28
0x79c1f41b4cc890050375344918ef81ce916b41c7,MapleLoan,0x7a6f2c7b4f6ad1cb00ab23ecc5b41d25da439005,6,4,2023-07-03,2023-10-17
0x65d657b37dba8cc07bd83f1e843b3d79be1246fe,MapleLoan,0x7a6f2c7b4f6ad1cb00ab23ecc5b41d25da439005,6,3,2022-04-04,2022-06-03
0xa4709d92a4f881b4df3656424f3bd924823c2dc2,MapleLoan,0x7a6f2c7b4f6ad1cb00ab23ecc5b41d25da439005,6,3,2022-04-20,2022-06-19
0x4a4da317aa7fabd8d7d192b7fbc44814d6396a9b,MapleLoan,0x7a6f2c7b4f6ad1cb00ab23ecc5b41d25da439005,6,3,2022-03-09,2022-05-09
0x1154db30d92b1d504719738a13c754b77cf6b75d,MapleLoan,0x7a6f2c7b4f6ad1cb00ab23ecc5b41d25da439005,6,3,2022-09-21,2022-11-19
0x635f5c010dcceebdcc35cec388c0b4b083949eb0,MapleLoan,0x7a6f2c7b4f6ad1cb00ab23ecc5b41d25da439005,6,3,2022-03-24,2022-05-23
0x94c4ff295fb14628a0b191be396cf8c5c8063922,MapleLoan,0x7a6f2c7b4f6ad1cb00ab23ecc5b41d25da439005,6,3,2022-05-12,2022-07-11
0x0beaa8b67b039db80357ef8336006ffde144fd89,MapleLoan,0x7a6f2c7b4f6ad1cb00ab23ecc5b41d25da439005,6,3,2022-09-21,2022-11-22
0x53c5434b6561791e57dcda39f798b6577c25594c,MapleLoan,0x7a6f2c7b4f6ad1cb00ab23ecc5b41d25da439005,6,3,2022-09-13,2022-11-14
0xfa4dd49b2af93af7ec32d1ccfa677a9cd70f906e,MapleLoan,0x7a6f2c7b4f6ad1cb00ab23ecc5b41d25da439005,6,3,2022-09-09,2022-11-10
0xdd5d6d75e9cf52cbb86b53d2e89f786fdc030b33,MapleLoan,0x7a6f2c7b4f6ad1cb00ab23ecc5b41d25da439005,6,3,2023-08-31,2023-10-17
0xc86d1f100b007bbf0d1338afbaa8a77f38a1b1e2,MapleLoan,0x7a6f2c7b4f6ad1cb00ab23ecc5b41d25da439005,6,3,2022-06-20,2022-08-19
0xb6aaa987ce7895f87667067cf8e331d51b686a49,MapleLoan,0x7a6f2c7b4f6ad1cb00ab23ecc5b41d25da439005,6,3,2022-07-01,2022-08-31
0xe199f38eedfa0ce611c0653a81e1a2c85047b3d7,MapleLoan,0x7a6f2c7b4f6ad1cb00ab23ecc5b41d25da439005,6,3,2022-06-25,2022-08-24
0x4c7e50802537fab764f7b7a8f996feacfbad34cf,MapleLoan,0x7a6f2c7b4f6ad1cb00ab23ecc5b41d25da439005,6,3,2023-02-28,2023-02-28
0x2599d9124a2db4eda337a15c3dde53a06a606c2f,MapleLoan,0x7a6f2c7b4f6ad1cb00ab23ecc5b41d25da439005,6,3,2022-03-19,2022-05-18
0xa8cb339284551513f39aef3534612852a808867c,MapleLoan,0x7a6f2c7b4f6ad1cb00ab23ecc5b41d25da439005,6,3,2022-10-03,2022-11-12
0x991a28d85ddc30d675767d05c234c4a4ed8af95b,MapleLoan,0x7a6f2c7b4f6ad1cb00ab23ecc5b41d25da439005,6,3,2022-05-12,2022-07-12
0xa83b134809183c634a692d5b5f457b78cd6913e6,MapleLoan,0x7a6f2c7b4f6ad1cb00ab23ecc5b41d25da439005,6,3,2022-10-06,2022-12-09
0xf83909327202bea1a05dd992aad5ada053c99243,MapleLoan,0x7a6f2c7b4f6ad1cb00ab23ecc5b41d25da439005,6,3,2022-04-28,2022-06-27
0x3ea8fce186e583b7c69c4746a2401a932ff6c744,MapleLoan,0x7a6f2c7b4f6ad1cb00ab23ecc5b41d25da439005,6,3,2022-06-26,2022-08-24
0xb3b10d10a7fdb7cd7f406f55f136b54593400f56,MapleLoan,0x7a6f2c7b4f6ad1cb00ab23ecc5b41d25da439005,6,3,2022-05-10,2022-06-16
0x5233a1feef2480fa9f8c7eca0d4dc6e59c0d099b,MapleLoan,0x7a6f2c7b4f6ad1cb00ab23ecc5b41d25da439005,6,3,2022-03-27,2022-05-25
0x5150aa25f6232d048bcffff5ddeb068d51aa29a9,MapleLoan,0x7a6f2c7b4f6ad1cb00ab23ecc5b41d25da439005,6,3,2022-10-03,2022-11-12
0x249b5907564f0cf3fb771b013a6f9f33e1225657,MapleLoan,0x7a6f2c7b4f6ad1cb00ab23ecc5b41d25da439005,6,3,2022-11-23,2023-01-22
0x0b62460cff110af041a40c291c9074e8176392b1,MapleLoan,0x7a6f2c7b4f6ad1cb00ab23ecc5b41d25da439005,6,3,2023-02-28,2023-02-28
0xb43623a3c0501b026d099038d2de26e489d4a147,MapleLoan,0x7a6f2c7b4f6ad1cb00ab23ecc5b41d25da439005,6,3,2022-10-12,2022-12-07
0xd027cdd569b6cd1ad13dc82d42d0cd7cdeda3521,MapleLoan,0x7a6f2c7b4f6ad1cb00ab23ecc5b41d25da439005,6,3,2022-12-01,2023-02-01
0x4cdb7aae5a78ebaa0f62a8f634c2e9d3a3c85ec4,MapleLoan,0x7a6f2c7b4f6ad1cb00ab23ecc5b41d25da439005,6,3,2022-06-02,2022-08-03
0x1f1b8762cc4f8a2c637207e14dea7a5c3fad8bc1,MapleLoan,0x7a6f2c7b4f6ad1cb00ab23ecc5b41d25da439005,6,3,2022-10-07,2022-12-06
0x333fa79511f4f175ce1af4ddd82e135198cf015e,MapleLoan,0x7a6f2c7b4f6ad1cb00ab23ecc5b41d25da439005,6,3,2022-09-13,2022-11-14
0x6d0f7ba34fa8bd387a87f808b5d5c634b33c33a8,MapleLoan,0x7a6f2c7b4f6ad1cb00ab23ecc5b41d25da439005,6,3,2022-07-04,2022-09-02
0x1628325bb8898626a1656d1c9c3c11b8d8cbb426,MapleLoan,0x7a6f2c7b4f6ad1cb00ab23ecc5b41d25da439005,6,3,2022-04-11,2022-06-10
0x29b468679303317267ec17b2cff3ceda3c2b8829,MapleLoan,0x7a6f2c7b4f6ad1cb00ab23ecc5b41d25da439005,6,3,2022-05-29,2022-07-28
0x30624c71e0753c8580cf715fcd729238dc3f6234,MapleLoan,0x7a6f2c7b4f6ad1cb00ab23ecc5b41d25da439005,6,3,2022-04-20,2022-06-23
0xaccf086884d709f0bca3791c16fc256df309a8f4,MapleLoan,0x7a6f2c7b4f6ad1cb00ab23ecc5b41d25da439005,6,3,2022-10-03,2022-11-12
0xe5cb98fadf3c95115d0dce37e83819a5cc3c9983,MapleLoan,0x7a6f2c7b4f6ad1cb00ab23ecc5b41d25da439005,6,3,2022-05-19,2022-07-15
0xf4344f887369df7e1ee40492cd8dec7283c000f5,MapleLoan,0x7a6f2c7b4f6ad1cb00ab23ecc5b41d25da439005,6,3,2022-06-03,2022-08-01
0x575eb9c8a8efdf7950e60c2b3a1db28f0e484016,MapleLoan,0x7a6f2c7b4f6ad1cb00ab23ecc5b41d25da439005,6,3,2022-07-05,2022-09-03
0x1dff8b506943278669fb1480b06b102451bb4be8,MapleLoan,0x7a6f2c7b4f6ad1cb00ab23ecc5b41d25da439005,6,3,2022-04-20,2022-06-18
0x148aa09731baf7eceaeb1513e2d6c794fa9b23fb,MapleLoan,0x7a6f2c7b4f6ad1cb00ab23ecc5b41d25da439005,6,3,2022-03-02,2022-05-01
0x48cce8bc00aa70f9fea972e4e022223a23e3f1b3,MapleLoan,0x7a6f2c7b4f6ad1cb00ab23ecc5b41d25da439005,6,3,2022-03-18,2022-05-17
0x310dde90ac108db90ecf7eaa54524972d708d03b,MapleLoan,0x7a6f2c7b4f6ad1cb00ab23ecc5b41d25da439005,6,3,2022-09-09,2022-11-09
0x64982f1aa56340c0051bdcefb7a69911fd9d141d,MapleLoan,0x7a6f2c7b4f6ad1cb00ab23ecc5b41d25da439005,6,2,2022-09-13,2022-10-12
0x20276b8be9a16359d167c2fb7224c2dbfe0e77db,MapleLoan,0x7a6f2c7b4f6ad1cb00ab23ecc5b41d25da439005,6,2,2022-10-13,2022-11-10
0x574054524d43cc85d040912b46f4038f05f54404,MapleLoan,0x7a6f2c7b4f6ad1cb00ab23ecc5b41d25da439005,6,2,2022-10-05,2022-11-09
0xc8c17328796f472a97b7784cc5f52b802a89dec1,MapleLoan,0x7a6f2c7b4f6ad1cb00ab23ecc5b41d25da439005,6,2,2022-11-04,2022-12-01
0x5a595d84014602e787d16756e685024ccd449e5d,MapleLoan,0x7a6f2c7b4f6ad1cb00ab23ecc5b41d25da439005,6,2,2022-10-19,2022-11-15
0x4dbe67c683a731807eaaa99a1df2d3e79ebeca00,MapleLoan,0x7a6f2c7b4f6ad1cb00ab23ecc5b41d25da439005,6,2,2022-11-05,2022-12-01
0xb7e8a1128050cfe764c973142d89ee86fbea8f06,MapleLoan,0x7a6f2c7b4f6ad1cb00ab23ecc5b41d25da439005,6,2,2022-10-12,2022-11-15
0x502ee6d0b16d834547fc44344d4be3e019fc2573,MapleLoan,0x7a6f2c7b4f6ad1cb00ab23ecc5b41d25da439005,6,2,2022-11-04,2022-12-01
0xf6950f28353ca676100c2a92dd360dea16a213ce,MapleLoan,0x7a6f2c7b4f6ad1cb00ab23ecc5b41d25da439005,6,2,2022-10-21,2022-11-20
0x10f151006056ad9a3d2c385b08b63ca6db5e0efa,MapleLoan,0x7a6f2c7b4f6ad1cb00ab23ecc5b41d25da439005,6,2,2023-04-26,2023-05-29
0x129137f0f3e7177607e3edacc386f7d8e21b4450,MapleLoan,0x7a6f2c7b4f6ad1cb00ab23ecc5b41d25da439005,6,2,2022-04-28,2022-05-15
0xa58fd39138083783689d700758d00873538c6c2a,MapleLoan,0x7a6f2c7b4f6ad1cb00ab23ecc5b41d25da439005,6,2,2022-11-23,2022-12-23
0x500055809685eceba5ec55786f65440583954501,MapleLoan,0x7a6f2c7b4f6ad1cb00ab23ecc5b41d25da439005,6,2,2022-09-13,2022-10-12
0x62384502733ffa69a0600b32379871f438e1346f,MapleLoan,0x7a6f2c7b4f6ad1cb00ab23ecc5b41d25da439005,6,2,2022-01-18,2022-01-18
0x1fb75317a2dc8430449fc3fd0be206785fb63cbb,MapleLoan,0x7a6f2c7b4f6ad1cb00ab23ecc5b41d25da439005,6,2,2022-05-15,2022-05-15
0x2e59ddd00f1456844f8d8ae7a5b17cdcbc73ef5c,MapleLoan,0x7a6f2c7b4f6ad1cb00ab23ecc5b41d25da439005,6,2,2022-10-01,2022-10-04
0x2872c1140117a5de85e0dd06ed1b439d23707ad1,MapleLoan,0x7a6f2c7b4f6ad1cb00ab23ecc5b41d25da439005,6,2,2022-11-23,2022-12-21
0x71963bd09d8dad05fef1f326b0fd216f8f93581b,MapleLoan,0x7a6f2c7b4f6ad1cb00ab23ecc5b41d25da439005,6,2,2023-05-10,2023-06-10
0x55c6ffd8637b3d936ed6f7924ddce591d013a0ff,MapleLoan,0x7a6f2c7b4f6ad1cb00ab23ecc5b41d25da439005,6,1,2023-10-26,2023-10-26
0xe12c3b659bc734b20f45ff35970bb2e892a1387c,MapleLoan,0x7a6f2c7b4f6ad1cb00ab23ecc5b41d25da439005,6,1,2023-04-10,2023-04-10
0x098e3d390028e6ddc8ba8f2a7348d58c4e439c4a,MapleLoan,0x7a6f2c7b4f6ad1cb00ab23ecc5b41d25da439005,6,1,2022-04-29,2022-04-29
0xf6ba175a73bae7f525a35887b128996d7339480e,MapleLoan,0x7a6f2c7b4f6ad1cb00ab23ecc5b41d25da439005,6,1,2023-06-23,2023-06-23
0x2cb5c20309b2dbfdda758237f20c94b5f72d0331,MapleLoan,0x7a6f2c7b4f6ad1cb00ab23ecc5b41d25da439005,6,1,2022-11-12,2022-11-12
0xa6b5f3a55596fe8df52ca83dd3aeaf7c2669a25b,MapleLoan,0x7a6f2c7b4f6ad1cb00ab23ecc5b41d25da439005,6,1,2024-11-01,2024-11-01
0x245de7e3b9b21b68c2c8d2e4759652f0dbce65a6,MapleLoan,0x7a6f2c7b4f6ad1cb00ab23ecc5b41d25da439005,6,1,2022-11-26,2022-11-26
0xa6b77ac12251ea144a85cd11c9d7f457c124bba8,MapleLoan,0x7a6f2c7b4f6ad1cb00ab23ecc5b41d25da439005,6,1,2023-08-07,2023-08-07
0x554f5f5b72ea95621946fd9f9cc4b64f6f1e5125,MapleLoan,0x7a6f2c7b4f6ad1cb00ab23ecc5b41d25da439005,6,1,2022-05-12,2022-05-12
0x6e51e775a41ac7c153e3dfa21eb7469e4ab8eb8c,MapleLoan,0x7a6f2c7b4f6ad1cb00ab23ecc5b41d25da439005,6,1,2023-06-23,2023-06-23
0xe32b24f1a8877de54804bf82dfb1d4578850135e,MapleLoan,0x7a6f2c7b4f6ad1cb00ab23ecc5b41d25da439005,6,1,2023-06-26,2023-06-26
0xffb544f34925e5e65e8e837454d9b13c085b75b6,MapleLoan,0x7a6f2c7b4f6ad1cb00ab23ecc5b41d25da439005,6,1,2022-05-13,2022-05-13
0xcb8b7968b4b7333fe85e89e802f2a5ed98408320,MapleLoan,0x7a6f2c7b4f6ad1cb00ab23ecc5b41d25da439005,6,1,2023-10-26,2023-10-26
0xb265a74f142ac016ffa9788bf44b7cff9bf5ffc2,MapleLoan,0x7a6f2c7b4f6ad1cb00ab23ecc5b41d25da439005,6,1,2023-07-07,2023-07-07
0x8d785b208560837a253f66aebdb1c49033777286,MapleLoan,0x7a6f2c7b4f6ad1cb00ab23ecc5b41d25da439005,6,1,2023-06-23,2023-06-23
0x323bca025f293f9663f3162ff6cbc8edb8cf02b5,MapleLoan,0x7a6f2c7b4f6ad1cb00ab23ecc5b41d25da439005,6,1,2022-06-02,2022-06-02
0x023db56966858d139fe6406ae927275490715a3a,MapleLoan,0x7a6f2c7b4f6ad1cb00ab23ecc5b41d25da439005,6,1,2023-08-07,2023-08-07
0x9cdabd2f3ef93ec9fdabcebe3759a088736fd86c,MapleLoan,0x7a6f2c7b4f6ad1cb00ab23ecc5b41d25da439005,6,1,2023-09-13,2023-09-13
0x99e035d409a0dfee786a6b796485aaadf1fd8771,MapleLoan,0x7a6f2c7b4f6ad1cb00ab23ecc5b41d25da439005,6,1,2022-03-29,2022-03-29
0x05890b297901a1002e76085bbe7cd45b1e3dae02,MapleLoan,0x7a6f2c7b4f6ad1cb00ab23ecc5b41d25da439005,6,1,2023-03-10,2023-03-10
0x16ab05eada63cc4f6a01250cbff60858c377fff0,MapleLoan,0x7a6f2c7b4f6ad1cb00ab23ecc5b41d25da439005,6,1,2022-10-14,2022-10-14
0xdef9146f12e22e5c69fb7b7d181534240c04fdce,MapleLoan,0x7a6f2c7b4f6ad1cb00ab23ecc5b41d25da439005,6,1,2022-12-30,2022-12-30
0x91a4eee4d33d9cd7840cae21a4f408c0919f555d,MapleLoan,0x7a6f2c7b4f6ad1cb00ab23ecc5b41d25da439005,6,1,2022-11-10,2022-11-10
0x40d9fbe05d8f9f1215d5a6d01994ad1a6a097616,MapleLoan,0x7a6f2c7b4f6ad1cb00ab23ecc5b41d25da439005,6,1,2022-12-23,2022-12-23
0xbd994561134d3ac6a2aecb680980612defce8d5d,MapleLoan,0x7a6f2c7b4f6ad1cb00ab23ecc5b41d25da439005,6,1,2022-11-22,2022-11-22
0x69717362cd01b693186b6dbd2227f2bd94378bd2,MapleLoan,0x7a6f2c7b4f6ad1cb00ab23ecc5b41d25da439005,6,1,2023-05-10,2023-05-10
0x54096783f286cad5f023a0dae8eea2949a8c887e,MapleLoan,0x7a6f2c7b4f6ad1cb00ab23ecc5b41d25da439005,6,1,2023-10-16,2023-10-16
0xe1c94cc97c89fc0dceaa98f8eff3aa7c7e20bada,MapleLoan,0x7a6f2c7b4f6ad1cb00ab23ecc5b41d25da439005,6,1,2023-07-05,2023-07-05
