address,label,kind
0xd9ec2db5f3d1b236843925949fe5bd8a3836fccb,noxa,launchpad_deployer
0x2ecfb98bce4f3616115e4a2a7a2379af388dfbaa,trench,launchpad_deployer
0x46ad6f53a3c26c8027826e2104cf0595b7b24d40,bags,launchpad_deployer
0xe8cc4431adf8b5a847c113ef0c6af9043219cb37,bags,launchpad_deployer
0x26605f322f7ff986f381bb9a6e3f5dab0beaeb09,flap,launchpad_deployer
0x6e4910ea5a04376032f6564da9a9e4e88b7a87c1,ape,launchpad_deployer
0xd3f2cc1731b7fd17f28798835c2e02f0a1839a94,clanker,launchpad_deployer
0x2c81cd8acf4886f4abad332216b4444ae927fdb7,leavehood,launchpad_deployer
0x5fcc1df0dc020cf454e742e9a8ae2554c37a452c,hood.fun,launchpad_deployer
0x8c529f0a77c07ce0e6796f153d292501ee6f66f6,hood.fun,launchpad_deployer
0xd861cb5dc71a0171e8f0f6586cadb069f3a35e4d,robinfun.fi,launchpad_deployer
0x42b1f2fb09502b66ae21769b3384a7788d020d73,robinfun.fi,launchpad_deployer
0x9a4a94bd3af6acf5567a3b22f264e08b0962b8c8,robinfun.fi,launchpad_deployer
0xd69a9fdee44a42c8e614128feda486128cb27222,robinfun.fi,launchpad_deployer
0xd952a74c85a2221a7dab185c62cfd7eba8c94afc,robinfun.fi,launchpad_deployer
0xda307cc6459b76e8f9d3f319d5aa10f7f3f21cb8,balloon,launchpad_deployer
0xc81fd894c0ace037d133af4886550ac8133568e8,bullmarkets,launchpad_deployer
0xaf3c3177ba2bffe4817b5729d79a8c0a354cc545,bullmarkets,launchpad_deployer
0xc70e510e14710ea535cab7b2414860af63feab79,bowfun,launchpad_deployer
0xcc11005fcb6a1ef578e6c2341b38c7a4695c6abf,retake,launchpad_deployer
0x9008c9ee6ef776c06d4aafb4a4bfcf13083680c6,arch,launchpad_deployer
0x1b37d3a72082029c44b35b604ea473617580b69a,doppler,launchpad_deployer
0x43e4c17b15365596caae8e7d00e42bc8e988c2d4,virtuals,launchpad_deployer
0x581f7b996e6d3e436c537989157c9cb36421419b,virtuals,launchpad_deployer
0x16cf6788b762ee8969744586ed16fc5705140dd7,klik,launchpad_deployer
0x000000e200088d55c39a11f609e5f667729ad49b,pools.trade,launchpad_deployer
0x626c3d09b65bf5d1d40e0d5f25e19fa49783b3d4,pools.trade,launchpad_deployer
0x62b33a039d289cbda50ebeb72fe4261449e61bcf,launchhood,launchpad_deployer
0xe8e71e127d21ceb2eb18ed032af5d8d99de4fd9f,memescash,launchpad_deployer
0xc65e55a8bfb5c9f7a6010e166c9efd6d9a08763f,vladdy,launchpad_deployer
0x23ab86d6f6c9f721c57deb3fc00ca225bfffc9eb,vladdy,launchpad_deployer
0xc7e3b24f9a9406ed6af3eb002625e142458a0e70,vladdy,launchpad_deployer
0x41e14f861bef2d3e33814074e1c43e8beef42501,vladdy,launchpad_deployer
0x6ffb49ec7d1d3db8c3d9d0ce005ce828d2a948e5,hoodx,launchpad_deployer
0x80b42aed46d73f47119dc444bea28a9e68f32bf4,dyorswap,launchpad_deployer
0xa5aab3f0c6eeadf30ef1d3eb997108e976351feb,ponsfamily.com,launchpad_deployer
0x0c37a24f5d23a486fa692d1500881d698b1f77a4,ponsfamily.com,launchpad_deployer
0xdd89f26bea3916233d002d1189f973b78d38aa70,ponsfamily.com,launchpad_deployer
0x3711cea4feade896c913c68f01eda97cb06d1a42,ponsfamily.com,launchpad_deployer
0x985dfae571a0c5c90ac997f08687056d2ce1e46f,coinbarrel,launchpad_deployer
0x540ef2956c09b4ab4eff81de3da11a614476c1a6,revshare,launchpad_deployer
0x8224dfeca03b074a6df04c3e3ff884112e000f98,scherwode,launchpad_deployer
0xb77726291b125515d0a7affeea2b04f2ff243172,printr,launchpad_deployer
0x1bed2687321074a198302c004036b51923812b18,button,launchpad_deployer
0xfd3adc0aa6fc620db440f9729702a841a5e385b4,button,launchpad_deployer
0xeac47e690235fe008d94c1d1244df53d9f023248,button,launchpad_deployer
0x9a92fa82466ef93853b28d3c2719081c89d68db3,button,launchpad_deployer
0x6b47cdea82aa6c3bb58da9f396e762b77292e549,hoodpad,launchpad_deployer
0xeb3feed2716cf0eeada05b22e67424794e1f5a80,robinpad,launchpad_deployer
0x54198ff2fce9b0df255051d49748fe53a8e428cc,pmav,launchpad_deployer
0x24f90d176cdb7f288d4390083dfaa41d6ff968cc,pmav,launchpad_deployer
0x2d0e12fec42cea31022c37e9d714db6d2d49a8cc,pmav,launchpad_deployer
0x5c8884546837066e3f3b573d3cb8b5c9efbd7c77,hololaunch,launchpad_deployer
0xb637800dcd5c83913d828e961dbb964a9896f19d,livo,launchpad_deployer
0xa3a71925be892c609ac4be4efe918dc9c35fc5e8,realfun,launchpad_deployer
0xf5ac14e7691ef44b15b59fcc6a756e41a3e5efd6,lunch.fun,launchpad_deployer
0x568e12b312751992dcfe387cfc8ec7d63e941103,lunch.fun,launchpad_deployer
0xc783221ab1db0244203458417981b4631e80b988,lunch.fun,launchpad_deployer
0x6fda94aceedc5a97171469a8873d00fb9983bb8c,lunch.fun,launchpad_deployer
0x40d81280068f6f6db5fd2fe29979dc9cdafce885,veto,launchpad_deployer
0x82e927237ff6aaff00d0d9b60e77e495ac722799,veto,launchpad_deployer
0xd41a03a01369a734a5e22c3d6484b4040ae9acfd,veto,launchpad_deployer
0x3bfa5345fb34b4019000334410df20d942aebef4,degenlaunch,launchpad_deployer
0x6ec95a3c6c7b8368c9bf37ff664672e55df3550d,basedbid,launchpad_deployer
0xf16a41d30b3215c283fe239a5d2a2d6446700d92,padrush,launchpad_deployer
0x4194fec83685d6e0b4f3e9c58dbe054cdcdc4f6c,padrush,launchpad_deployer
0x3a5a312b66a3f3aabb647e75e8e81ccc08b7bb58,stoxes,launchpad_deployer
0xf612b37d684b3eca3583121172764ab0ef8417fc,stoxes,launchpad_deployer
0xc9182c283a9b739fed26a8e7f55a4d2b09f39d8c,pew.fun,launchpad_deployer
0x400bbdaa30d4ae46dcf9bf123e8256fdb4dc36ba,potato.fm,launchpad_deployer
0x77d0773ff90529e0a0a9e14af34ff6a488d16480,potato.fm,launchpad_deployer
0x5640c62fe43a64f9ae0811114874e95a819db744,based.one,launchpad_deployer
0x4190a197e9c7c8d9ce1095c32e6666a13a996580,diggers.fun,launchpad_deployer
0x5044e79669fee78a7bc2007a8e7ae4f820252e4b,diggers.fun,launchpad_deployer
0x106600e8fa3c688df23ab3e70a0c9c85c45927f6,feather.gl,launchpad_deployer
0xb7fa26c6fcb8801cabc538b82a6e80ae1c43cb00,circus.trade,launchpad_deployer
0x673c82ac17660d67c31c62e23ab2b68812891532,circus.trade,launchpad_deployer
0xc917056e80322c12957c98df98361309960e0c05,littlejohn.gg,launchpad_deployer
0x37978084bc37bc0e68f50f2be7213b94fefcd916,littlejohn.gg,launchpad_deployer
0x3139d826c62814fe850d7771592387c04c817316,littlejohn.gg,launchpad_deployer
0x58f69e081f0b90ae346c03fcdf4c39dcf44f460c,littlejohn.gg,launchpad_deployer
0x1badc838aae6ac41829180744ea2e1c89b452aae,littlejohn.gg,launchpad_deployer
0xe67bef2a23384e05139184c76b0a77f2e9acb29f,littlejohn.gg,launchpad_deployer
0x3238ef43d82daaa7e0e0d5da0af6ac0ce32eb256,littlejohn.gg,launchpad_deployer
0x8dcda6da9e70afa34f9265739a4ea8d3633fa28d,littlejohn.gg,launchpad_deployer
0x750d0bc66baa12cf1710a8ba939b97db4ad005c3,littlejohn.gg,launchpad_deployer
0x733d02415cbb2388ae721419590c881ef90eec77,littlejohn.gg,launchpad_deployer
0x7da2f15e0bbc564fbde55a4e23147f490061bbab,littlejohn.gg,launchpad_deployer
0x6544af3524a8d9135eb5765cece6e514d85d615b,littlejohn.gg,launchpad_deployer
0x497389e3a176586ff376d236514f2a91fdaf3d77,littlejohn.gg,launchpad_deployer
0xaf483a76f3732fc9726189ca1eb48f54c234e4df,orynth.dev,launchpad_deployer
0x5a74184f803e72d1415bbe68a192b13c1a2ac57b,orynth.dev,launchpad_deployer
0x6044a1cb6a323bfe2caf4a8a0bdaeef4d945aa45,orynth.dev,launchpad_deployer
0x0cf6bdf0a85a9d6763361037985b76c8893553af,flaunch.gg,launchpad_deployer
0xd61998ae9b29e1f19dfb70ba890bc85895c83f1b,mint.fast,launchpad_deployer
0xdd84fddea1206115b37dbbc0ba5721530e1ba9c5,fakenoxa,launchpad_deployer
0xfa6b1da94a9400a696cf7dc3ed83d05bf3ad050c,owlto.fun,launchpad_deployer
0x5cfb82b82dd21047e7328aa81c19552b95927b71,hoods.meme,launchpad_deployer
0xf585ad87f157436263fa97c05b6e1ece17dfc7fb,hoods.meme,launchpad_deployer
0x4ec0d15bc8d2f5a7eb4d14e789c92c7f7b96425d,arenatrade.ai,launchpad_deployer
0x2ba793fd69bf251fd1af90b576be8b9fa6be46db,arenatrade.ai,launchpad_deployer
0x22b5c08869a5a6d12b4e5891a7e78d04817b4e21,oro.build,launchpad_deployer
0x69225a43b20b824f4027b201731d9a21368bf6bc,arrowpad.fun,launchpad_deployer
0x9cb231e82d92f512d62d3a6dc4e5c0d10889d73a,arrowpad.fun,launchpad_deployer
0x851153fe84239c2dc55fa191ac2f099e20a6d0b8,varo,launchpad_deployer
0x519fd71f5df8242fb8bccaa346ea5b20c336273e,varo,launchpad_deployer
0x0ecf84c827907e5fd31a9b2809ac31dab4862f1f,stablepad,launchpad_deployer
0x5bd1fbe78a78fe8236fa00cf48fbeba74ae34661,letscash.fun,launchpad_deployer
0x31321e9fef6ff05c5c9c823306fc25f29a33eae8,woofswap,launchpad_deployer
0xbf8ce8ffeca0a280309957ff64bacf99c96c2690,woofswap,launchpad_deployer
0xeaa2b10a352531053bf410423bb322d0903cd240,anypad.fun,launchpad_deployer
0xaf7c6ae0c9eafa20d384e161862b4e75f902d999,rawbin.fun,launchpad_deployer
0x9ee7e27ac6f3028a93960dc53f30c9c905010999,rawbin.fun,launchpad_deployer
0xc1a2167af4f47fbde263325495551aad55da0999,rawbin.fun,launchpad_deployer
0x7ed1961d34a68b3962fc5f0f5f162d46d6bd584d,quiver,launchpad_deployer
0x58420a288b57b8b3bd313928cb34412f17848aca,forgepad.fun,launchpad_deployer
0x104f1ab42674565ec3df0bfebccc4186f72fa7ed,sushiswap,launchpad_deployer
0x1dd341895d62d04b7d1591e67728cf62a3ed6902,gekko.cash,launchpad_deployer
0xd64d7e5cf79190c93b92edc3f86960667bac1248,up33.xyz,launchpad_deployer
0x87b91afcb921d7ddd7bf1d788279823aad5c00b4,up33.xyz,launchpad_deployer
0xf441cc979fa862f2674b9188a7b529cafd3ce204,up33.xyz,launchpad_deployer
0x13c760d50e74a2f61d4f130b715032c2988d40c4,up33.xyz,launchpad_deployer
0xd7dd1a8348e68d85b0fc8d3ccc4b10b6061c3f1e,pools.fun,launchpad_deployer
0x5748dba2a15257dbf3ea2fe5c80c78daef6e7bda,trancepad.xyz,launchpad_deployer
0x124b731de0cc97ccad5960683ff4e94372b6d582,v4.fun,launchpad_deployer
0xe8e91c2c0a8f49dd0aecb0177b7184e4abac8b41,rallypad.fun,launchpad_deployer
0x5ab19e16e1196642d89243d2910b4c9045e9a5cd,rallypad.fun,launchpad_deployer
0xffaa81c5fea7e82b702e5392b8fc6694c94e241a,hooklabs.fun,launchpad_deployer
0x1263f743238ffdcd001b031d1a6f2a4906fb22ce,hooklabs.fun,launchpad_deployer
0x78a3613eac99d072effd3e07fec462da28b67f54,hooklabs.fun,launchpad_deployer
