month,take_rate_pct
2023-06-01 00:00:00.000 UTC,4.701690765974309
2023-07-01 00:00:00.000 UTC,4.694738807800264
2023-08-01 00:00:00.000 UTC,4.682227758848974
2023-09-01 00:00:00.000 UTC,5.219815035901728
2023-10-01 00:00:00.000 UTC,5.458021162624447
2023-11-01 00:00:00.000 UTC,5.555754895766219
2023-12-01 00:00:00.000 UTC,5.549103936621405
2024-01-01 00:00:00.000 UTC,5.399781812561128
2024-02-01 00:00:00.000 UTC,5.523837074388757
2024-03-01 00:00:00.000 UTC,5.783431503417016
2024-04-01 00:00:00.000 UTC,5.462737058314111
2024-05-01 00:00:00.000 UTC,5.523220464919917
2024-06-01 00:00:00.000 UTC,5.593913297437454
2024-07-01 00:00:00.000 UTC,5.815807340128755
2024-08-01 00:00:00.000 UTC,6.0171360523280315
2024-09-01 00:00:00.000 UTC,6.316451737326689
2024-10-01 00:00:00.000 UTC,6.181615929628269
2024-11-01 00:00:00.000 UTC,6.655509885618678
2024-12-01 00:00:00.000 UTC,6.7877446396683725
2025-01-01 00:00:00.000 UTC,6.195005886673073
2025-02-01 00:00:00.000 UTC,6.310088197890956
2025-03-01 00:00:00.000 UTC,7.467117755883677
2025-04-01 00:00:00.000 UTC,7.254005826602006
2025-05-01 00:00:00.000 UTC,7.261172328610536
2025-06-01 00:00:00.000 UTC,7.442996026130115
2025-07-01 00:00:00.000 UTC,7.428867661061354
2025-08-01 00:00:00.000 UTC,7.662611746314648
2025-09-01 00:00:00.000 UTC,7.554359526432722
2025-10-01 00:00:00.000 UTC,7.78921989255786
2025-11-01 00:00:00.000 UTC,7.983427698802337
2025-12-01 00:00:00.000 UTC,8.113347165542814
2026-01-01 00:00:00.000 UTC,8.547015021833984
2026-02-01 00:00:00.000 UTC,9.03397035299615
2026-03-01 00:00:00.000 UTC,9.027968996694218
2026-04-01 00:00:00.000 UTC,9.626432182244955
2026-05-01 00:00:00.000 UTC,9.205524016820215
2026-06-01 00:00:00.000 UTC,9.381013479529097
