month,pool_name,inflow
2023-01-01 00:00:00.000 UTC,AQRU Receivables Financing,2159990.06
2023-02-01 00:00:00.000 UTC,AQRU Receivables Financing,3000000.000007
2023-03-01 00:00:00.000 UTC,AQRU Receivables Financing,3641000.802947
2023-03-01 00:00:00.000 UTC,M11 Credit USDC3,3500000
2023-04-01 00:00:00.000 UTC,AQRU Receivables Financing,308000
2023-05-01 00:00:00.000 UTC,Maple Cash USDC1,4277817.906773
2023-06-01 00:00:00.000 UTC,Maple Cash USDC1,15948642.618138999
2023-07-01 00:00:00.000 UTC,Maple Cash USDC1,7084145.686522
2023-07-01 00:00:00.000 UTC,Maple Cash USDT1,500000
2023-08-01 00:00:00.000 UTC,Secured Lending,75000
2023-08-01 00:00:00.000 UTC,Maple Cash USDT1,109867.101919
2023-08-01 00:00:00.000 UTC,Maple Cash USDC1,7726443.052315
2023-08-01 00:00:00.000 UTC,AQRU Receivables Financing,5607829.275180999
2023-09-01 00:00:00.000 UTC,AQRU Receivables Financing,1015846.18968
2023-09-01 00:00:00.000 UTC,Secured Lending,7999991.38
2023-09-01 00:00:00.000 UTC,Maple Cash USDT1,50
2023-09-01 00:00:00.000 UTC,Maple Cash USDC1,3302655.5066190003
2023-10-01 00:00:00.000 UTC,AQRU Receivables Financing,7418449.944576001
2023-10-01 00:00:00.000 UTC,Maple Cash USDC1,6349116.423466999
2023-10-01 00:00:00.000 UTC,Secured Lending,8943494.192046002
2023-10-01 00:00:00.000 UTC,Osprey Total Return Credit,8100050
2023-11-01 00:00:00.000 UTC,Secured Lending,11653585.83
2023-11-01 00:00:00.000 UTC,AQRU Receivables Financing,2557751.279887
2023-11-01 00:00:00.000 UTC,Maple Cash USDC1,1415858.0868560001
2023-12-01 00:00:00.000 UTC,AQRU Receivables Financing,1119152.437566
2023-12-01 00:00:00.000 UTC,Secured Lending,1067055.4917310001
2023-12-01 00:00:00.000 UTC,High Yield Corporate USDC,3450000
2023-12-01 00:00:00.000 UTC,Maple Cash USDC1,1244537.85
2024-01-01 00:00:00.000 UTC,High Yield Corporate USDC,400000
2024-01-01 00:00:00.000 UTC,Maple Cash USDC1,2287162.076986
2024-01-01 00:00:00.000 UTC,AQRU Receivables Financing,1220852.216995
2024-01-01 00:00:00.000 UTC,Secured Lending,6270703.95
2024-02-01 00:00:00.000 UTC,AQRU Receivables Financing,57480.843694999996
2024-02-01 00:00:00.000 UTC,Maple Cash USDC1,1053000
2024-02-01 00:00:00.000 UTC,High Yield Corporate USDC,638948.9838319999
2024-02-01 00:00:00.000 UTC,Secured Lending,642455.81
2024-03-01 00:00:00.000 UTC,High Yield Secured Lending,7508621.78132
2024-03-01 00:00:00.000 UTC,Secured Lending,105000
2024-03-01 00:00:00.000 UTC,Maple Cash USDC1,5231226
2024-04-01 00:00:00.000 UTC,Secured Lending,3192435.001435
2024-04-01 00:00:00.000 UTC,High Yield Secured Lending,5683712.141374
2024-04-01 00:00:00.000 UTC,High Yield Corporate USDC,1000
2024-05-01 00:00:00.000 UTC,Secured Lending,9719660.8485
2024-05-01 00:00:00.000 UTC,High Yield Corporate USDC,2007254
2024-05-01 00:00:00.000 UTC,High Yield Secured Lending,9084002.247688
2024-05-01 00:00:00.000 UTC,Maple Cash USDC1,4199812.143545
2024-06-01 00:00:00.000 UTC,Secured Lending,4584759.01
2024-06-01 00:00:00.000 UTC,Maple Cash USDC1,1989991
2024-06-01 00:00:00.000 UTC,Syrup USDC,6020034.061755001
2024-06-01 00:00:00.000 UTC,High Yield Secured Lending,6069718.567004
2024-07-01 00:00:00.000 UTC,High Yield Secured Lending,8541258.9155
2024-07-01 00:00:00.000 UTC,Syrup USDC,10201187.607742
2024-07-01 00:00:00.000 UTC,Secured Lending,1241170.023909
2024-07-01 00:00:00.000 UTC,Maple Cash USDC1,2561337.16813
2024-08-01 00:00:00.000 UTC,Secured Lending,2443661.2870460004
2024-08-01 00:00:00.000 UTC,High Yield Corporate USDC,2409768.58347
2024-08-01 00:00:00.000 UTC,High Yield Secured Lending,4328805.039178001
2024-08-01 00:00:00.000 UTC,Maple Cash USDC1,2957516.477771
2024-08-01 00:00:00.000 UTC,Syrup USDC,23723341.38345799
2024-08-01 00:00:00.000 UTC,Syrup USDT,4
2024-09-01 00:00:00.000 UTC,Syrup USDT,19880850.427547995
2024-09-01 00:00:00.000 UTC,Syrup USDC,23037054.089972008
2024-09-01 00:00:00.000 UTC,High Yield Corporate USDC,18000
2024-09-01 00:00:00.000 UTC,High Yield Secured Lending,5083892.4621439995
2024-09-01 00:00:00.000 UTC,Secured Lending,922520
2024-09-01 00:00:00.000 UTC,Maple Cash USDC1,52671.35
2024-10-01 00:00:00.000 UTC,Maple Cash USDC1,253917
2024-10-01 00:00:00.000 UTC,High Yield Corporate USDC,201162.70919999998
2024-10-01 00:00:00.000 UTC,Syrup USDT,23746149.807100013
2024-10-01 00:00:00.000 UTC,Syrup USDC,38798326.631720014
2024-10-01 00:00:00.000 UTC,High Yield Secured Lending,4429799.340721
2024-10-01 00:00:00.000 UTC,Secured Lending,4424240.735944999
2024-11-01 00:00:00.000 UTC,Syrup USDC,46390705.62660299
2024-11-01 00:00:00.000 UTC,Syrup USDT,8488552.552167997
2024-11-01 00:00:00.000 UTC,Secured Lending,6050824.989706
2024-11-01 00:00:00.000 UTC,High Yield Secured Lending,3291367.7357449997
2024-11-01 00:00:00.000 UTC,High Yield Corporate USDC,837278.295258
2024-12-01 00:00:00.000 UTC,Syrup USDC,12085049.629842002
2024-12-01 00:00:00.000 UTC,High Yield Secured Lending,7125177.539849002
2024-12-01 00:00:00.000 UTC,Secured Lending,669945.499425
2024-12-01 00:00:00.000 UTC,High Yield Corporate USDC,100
2024-12-01 00:00:00.000 UTC,Syrup USDT,9788587.86318
2025-01-01 00:00:00.000 UTC,Syrup USDT,7405909.590162999
2025-01-01 00:00:00.000 UTC,Secured Lending,725127.705273
2025-01-01 00:00:00.000 UTC,High Yield Corporate USDC,610000.011067
2025-01-01 00:00:00.000 UTC,Syrup USDC,22872355.29740002
2025-01-01 00:00:00.000 UTC,High Yield Secured Lending,12051506.960492998
2025-02-01 00:00:00.000 UTC,High Yield Secured Lending,11394691.117150001
2025-02-01 00:00:00.000 UTC,Syrup USDC,39940039.25983599
2025-02-01 00:00:00.000 UTC,High Yield Corporate USDC,450000
2025-02-01 00:00:00.000 UTC,Secured Lending,6076416.299233999
2025-02-01 00:00:00.000 UTC,Syrup USDT,9422644.920896
2025-03-01 00:00:00.000 UTC,High Yield Secured Lending,17957618.646858
2025-03-01 00:00:00.000 UTC,Syrup USDT,11591871.531244006
2025-03-01 00:00:00.000 UTC,High Yield Corporate USDC,13271.978524
2025-03-01 00:00:00.000 UTC,Secured Lending,6847518.768716
2025-03-01 00:00:00.000 UTC,Syrup USDC,84062133.60832101
2025-04-01 00:00:00.000 UTC,Secured Lending,22426342.234136
2025-04-01 00:00:00.000 UTC,High Yield Secured Lending,27704218.155064
2025-04-01 00:00:00.000 UTC,Syrup USDC,187469083.17462498
2025-04-01 00:00:00.000 UTC,Syrup USDT,15875989.571437001
2025-04-01 00:00:00.000 UTC,High Yield Corporate USDC,669222.6164320001
2025-05-01 00:00:00.000 UTC,Secured Lending,3273354.361906
2025-05-01 00:00:00.000 UTC,High Yield Corporate USDC,1140008.5063109999
2025-05-01 00:00:00.000 UTC,High Yield Secured Lending,9158926.101947
2025-05-01 00:00:00.000 UTC,Syrup USDC,347624956.11035275
2025-05-01 00:00:00.000 UTC,Syrup USDT,37310544.494828
2025-06-01 00:00:00.000 UTC,Syrup USDC,536505136.72959995
2025-06-01 00:00:00.000 UTC,High Yield Corporate USDC,355250.086871
2025-06-01 00:00:00.000 UTC,High Yield Secured Lending,16799730.048887003
2025-06-01 00:00:00.000 UTC,Secured Lending,4695953.1210280005
2025-06-01 00:00:00.000 UTC,Syrup USDT,27536531.114474986
2025-07-01 00:00:00.000 UTC,High Yield Secured Lending,9833376.803190997
2025-07-01 00:00:00.000 UTC,Syrup USDC,191502759.732818
2025-07-01 00:00:00.000 UTC,Secured Lending,957350.730839
2025-07-01 00:00:00.000 UTC,High Yield Corporate USDC,1303712.209339
2025-07-01 00:00:00.000 UTC,Syrup USDT,15407940.058168005
2025-08-01 00:00:00.000 UTC,High Yield Secured Lending,9146319.389324997
2025-08-01 00:00:00.000 UTC,Syrup USDC,395509347.10689425
2025-08-01 00:00:00.000 UTC,Syrup USDT,40352859.239053
2025-08-01 00:00:00.000 UTC,Secured Lending,509485.914897
2025-08-01 00:00:00.000 UTC,High Yield Corporate USDC,100000
2025-09-01 00:00:00.000 UTC,High Yield Corporate USDC,1015000
2025-09-01 00:00:00.000 UTC,High Yield Secured Lending,12068347.498646997
2025-09-01 00:00:00.000 UTC,Syrup USDT,280209438.84612006
2025-09-01 00:00:00.000 UTC,Secured Lending,8756604.640471
2025-09-01 00:00:00.000 UTC,Syrup USDC,309689960.2111056
2025-10-01 00:00:00.000 UTC,Syrup USDT,566295266.2887466
2025-10-01 00:00:00.000 UTC,Secured Lending,14721295
2025-10-01 00:00:00.000 UTC,Syrup USDC,409142311.38753295
2025-10-01 00:00:00.000 UTC,High Yield Secured Lending,17173832.131706
2025-11-01 00:00:00.000 UTC,Syrup USDT,317964134.71961
2025-11-01 00:00:00.000 UTC,Secured Lending,16420000
2025-11-01 00:00:00.000 UTC,Syrup USDC,450312773.1919178
2025-11-01 00:00:00.000 UTC,High Yield Secured Lending,59732643.499281995
2025-12-01 00:00:00.000 UTC,Syrup USDT,486724566.65744215
2025-12-01 00:00:00.000 UTC,High Yield Secured Lending,26033599.48781099
2025-12-01 00:00:00.000 UTC,Syrup USDC,580392396.018383
2026-01-01 00:00:00.000 UTC,Syrup USDT,485400683.6116654
2026-01-01 00:00:00.000 UTC,High Yield Secured Lending,25093846.141359005
2026-01-01 00:00:00.000 UTC,Syrup USDC,686379329.2276114
2026-02-01 00:00:00.000 UTC,High Yield Secured Lending,20828144.07629799
2026-02-01 00:00:00.000 UTC,Syrup USDC,569734806.5198714
2026-02-01 00:00:00.000 UTC,Syrup USDT,289512676.127333
2026-03-01 00:00:00.000 UTC,Syrup USDT,637425813.9988186
2026-03-01 00:00:00.000 UTC,High Yield Secured Lending,7024966.757391001
2026-03-01 00:00:00.000 UTC,Syrup USDC,708201231.2433398
2026-04-01 00:00:00.000 UTC,Syrup USDT,542964630.3849854
2026-04-01 00:00:00.000 UTC,High Yield Secured Lending,9227167.39086
2026-04-01 00:00:00.000 UTC,Syrup USDC,515835544.0236227
2026-05-01 00:00:00.000 UTC,Syrup USDC,378368854.8401471
2026-05-01 00:00:00.000 UTC,Syrup USDT,247976441.1802299
2026-05-01 00:00:00.000 UTC,High Yield Secured Lending,1714438.8465389998
2026-06-01 00:00:00.000 UTC,High Yield Secured Lending,51134255.394931
2026-06-01 00:00:00.000 UTC,Syrup USDT,176748451.3786369
2026-06-01 00:00:00.000 UTC,Syrup USDC,132640816.25350408
