month,platform_service_fee
2022-12-01 00:00:00.000 UTC,23256.207622769507
2023-01-01 00:00:00.000 UTC,2169.863013
2023-02-01 00:00:00.000 UTC,1987.609655372603
2023-03-01 00:00:00.000 UTC,4124.4074827145205
2023-04-01 00:00:00.000 UTC,5751.804741714521
2023-05-01 00:00:00.000 UTC,7174.616434
2023-06-01 00:00:00.000 UTC,12380.924123190252
2023-07-01 00:00:00.000 UTC,4311.64433671452
2023-08-01 00:00:00.000 UTC,16471.369816954335
2023-09-01 00:00:00.000 UTC,11202.06378345319
2023-10-01 00:00:00.000 UTC,11392.862180714521
2023-11-01 00:00:00.000 UTC,20856.33412471452
2023-12-01 00:00:00.000 UTC,16286.023820999999
2024-01-01 00:00:00.000 UTC,13309.625902000002
2024-02-01 00:00:00.000 UTC,27536.297438999994
2024-03-01 00:00:00.000 UTC,21559.596344999998
2024-04-01 00:00:00.000 UTC,16140.091072560497
2024-05-01 00:00:00.000 UTC,13224.965074036292
2024-06-01 00:00:00.000 UTC,20920.413824636435
2024-07-01 00:00:00.000 UTC,21021.696492053812
2024-08-01 00:00:00.000 UTC,22540.24435720347
2024-09-01 00:00:00.000 UTC,21696.844393107218
2024-10-01 00:00:00.000 UTC,50484.275370999996
2024-11-01 00:00:00.000 UTC,51761.7633416264
2024-12-01 00:00:00.000 UTC,36652.56500212417
2025-01-01 00:00:00.000 UTC,47082.685136289496
2025-02-01 00:00:00.000 UTC,60405.43799078002
2025-03-01 00:00:00.000 UTC,61276.67639899049
2025-04-01 00:00:00.000 UTC,50056.25293794077
2025-05-01 00:00:00.000 UTC,89305.51441588774
2025-06-01 00:00:00.000 UTC,108016.60906714936
2025-07-01 00:00:00.000 UTC,179261.17952942324
2025-08-01 00:00:00.000 UTC,196052.7586970457
2025-09-01 00:00:00.000 UTC,210015.91554191892
2025-10-01 00:00:00.000 UTC,346934.75210494304
2025-11-01 00:00:00.000 UTC,322952.48000379116
2025-12-01 00:00:00.000 UTC,326812.57714800007
2026-01-01 00:00:00.000 UTC,331860.3287139999
2026-02-01 00:00:00.000 UTC,399523.80270800006
2026-03-01 00:00:00.000 UTC,404246.9591340001
2026-04-01 00:00:00.000 UTC,481405.1996329999
2026-05-01 00:00:00.000 UTC,298107.450147
2026-06-01 00:00:00.000 UTC,330973.93610199995
