month,lenders
2023-01-01 00:00:00.000 UTC,1
2023-02-01 00:00:00.000 UTC,2
2023-03-01 00:00:00.000 UTC,9
2023-04-01 00:00:00.000 UTC,3
2023-05-01 00:00:00.000 UTC,7
2023-06-01 00:00:00.000 UTC,17
2023-07-01 00:00:00.000 UTC,7
2023-08-01 00:00:00.000 UTC,16
2023-09-01 00:00:00.000 UTC,22
2023-10-01 00:00:00.000 UTC,27
2023-11-01 00:00:00.000 UTC,20
2023-12-01 00:00:00.000 UTC,16
2024-01-01 00:00:00.000 UTC,18
2024-02-01 00:00:00.000 UTC,14
2024-03-01 00:00:00.000 UTC,23
2024-04-01 00:00:00.000 UTC,18
2024-05-01 00:00:00.000 UTC,24
2024-06-01 00:00:00.000 UTC,107
2024-07-01 00:00:00.000 UTC,193
2024-08-01 00:00:00.000 UTC,179
2024-09-01 00:00:00.000 UTC,226
2024-10-01 00:00:00.000 UTC,523
2024-11-01 00:00:00.000 UTC,254
2024-12-01 00:00:00.000 UTC,133
2025-01-01 00:00:00.000 UTC,277
2025-02-01 00:00:00.000 UTC,326
2025-03-01 00:00:00.000 UTC,378
2025-04-01 00:00:00.000 UTC,444
2025-05-01 00:00:00.000 UTC,2195
2025-06-01 00:00:00.000 UTC,906
2025-07-01 00:00:00.000 UTC,643
2025-08-01 00:00:00.000 UTC,562
2025-09-01 00:00:00.000 UTC,750
2025-10-01 00:00:00.000 UTC,848
2025-11-01 00:00:00.000 UTC,722
2025-12-01 00:00:00.000 UTC,863
2026-01-01 00:00:00.000 UTC,884
2026-02-01 00:00:00.000 UTC,664
2026-03-01 00:00:00.000 UTC,922
2026-04-01 00:00:00.000 UTC,728
2026-05-01 00:00:00.000 UTC,632
2026-06-01 00:00:00.000 UTC,412
