month,to_depositors,to_delegate,to_maple
2023-06-01 00:00:00.000 UTC,4123.30901,0,203.42988300000002
2023-07-01 00:00:00.000 UTC,38032.071741,0,1873.460509
2023-08-01 00:00:00.000 UTC,48521.127802999996,0,2383.4691700000003
2023-09-01 00:00:00.000 UTC,148615.50702299998,8011.88302,8432.776469
2023-10-01 00:00:00.000 UTC,265912.33169699996,20511.060069,16163.853978000003
2023-11-01 00:00:00.000 UTC,531683.1737279999,53505.50432699999,33186.780887
2023-12-01 00:00:00.000 UTC,462431.919317,49555.58167000001,29052.614021
2024-01-01 00:00:00.000 UTC,483688.7546679999,51475.339504,29569.239425999996
2024-02-01 00:00:00.000 UTC,673154.131062,74249.24015000001,42044.335399
2024-03-01 00:00:00.000 UTC,656659.431473,60646.470750999986,42730.98786099998
2024-04-01 00:00:00.000 UTC,600986.9132984966,47376.14863262697,36290.27125758533
2024-05-01 00:00:00.000 UTC,671491.9576591977,45014.37033324516,41042.90082344619
2024-06-01 00:00:00.000 UTC,890424.5885240026,67774.41888271409,55393.480675136554
2024-07-01 00:00:00.000 UTC,983605.7572217758,64778.49017107963,63346.941089592605
2024-08-01 00:00:00.000 UTC,1090703.7589917146,60208.7926823247,72159.3508300892
2024-09-01 00:00:00.000 UTC,1008978.1554215379,47914.570816063155,69764.64379128416
2024-10-01 00:00:00.000 UTC,1817737.360228999,120355.66678799999,124097.22125500003
2024-11-01 00:00:00.000 UTC,1812659.104671914,102066.23093129288,132583.37237762212
2024-12-01 00:00:00.000 UTC,1430553.083010775,64794.58004490165,106088.841950463
2025-01-01 00:00:00.000 UTC,2040855.6583593972,116946.71650249096,139129.0949762594
2025-02-01 00:00:00.000 UTC,1856347.987705809,94954.41322096217,128318.5170813205
2025-03-01 00:00:00.000 UTC,1291389.0275753483,69497.39763623523,105834.92227210791
2025-04-01 00:00:00.000 UTC,1423548.9124790586,72756.90742483591,112998.11128039377
2025-05-01 00:00:00.000 UTC,2772812.003685644,124276.66990661458,219703.54623726982
2025-06-01 00:00:00.000 UTC,3319527.205272137,143541.127079372,268965.692563056
2025-07-01 00:00:00.000 UTC,5647454.602754891,231994.37504890832,456146.95389011776
2025-08-01 00:00:00.000 UTC,5768734.29131596,220183.36859691434,480018.8317180934
2025-09-01 00:00:00.000 UTC,6440549.407182298,242589.50962368946,528142.9276118836
2025-10-01 00:00:00.000 UTC,9830012.345694805,368184.1105560072,831271.2862896328
2025-11-01 00:00:00.000 UTC,8764847.993631614,315164.63027297903,758879.5291477215
2025-12-01 00:00:00.000 UTC,8526240.068106003,295583.596643,749832.8278150001
2026-01-01 00:00:00.000 UTC,7764085.474100001,262677.3963690001,719023.63284
2026-02-01 00:00:00.000 UTC,8239711.181009999,288943.54575499997,807051.1365069994
2026-03-01 00:00:00.000 UTC,8391008.320173003,288962.105862,821053.6780060001
2026-04-01 00:00:00.000 UTC,8803230.943810003,306389.600432,918518.0838759997
2026-05-01 00:00:00.000 UTC,5995310.060744001,201119.07993799992,597872.953156
2026-06-01 00:00:00.000 UTC,7713247.286126004,260659.75291600003,783263.753014
2026-07-01 00:00:00.000 UTC,7724710.472549001,256295.17057199986,768184.199527
2026-08-01 00:00:00.000 UTC,8173853.525154001,214942.96996999998,912526.8463729996
2026-09-01 00:00:00.000 UTC,2977558.763566,9734.92971,522737.78384999995
