month,sky_strategy_fee,harvests
2025-04-01 00:00:00.000 UTC,5930.841702,41
2025-05-01 00:00:00.000 UTC,30710.76743099999,612
2025-06-01 00:00:00.000 UTC,78777.05269499999,837
2025-07-01 00:00:00.000 UTC,44310.28445100001,652
2025-08-01 00:00:00.000 UTC,22143.403287000012,726
2025-09-01 00:00:00.000 UTC,24019.228225000006,638
2025-10-01 00:00:00.000 UTC,56396.22537899993,937
2025-11-01 00:00:00.000 UTC,85742.857476,854
2025-12-01 00:00:00.000 UTC,185951.320358,875
2026-01-01 00:00:00.000 UTC,152567.62219899992,1215
2026-02-01 00:00:00.000 UTC,178916.34519100012,876
2026-03-01 00:00:00.000 UTC,215740.14353999967,1065
2026-04-01 00:00:00.000 UTC,89810.635482,1024
