qtr,maple_cut_of_interest,total_wedge,maple_share_of_wedge,delegate_share_of_wedge
2023-04-01 00:00:00.000 UTC,0.04701690765974309,0.04701690765974309,1,0
2023-07-01 00:00:00.000 UTC,0.03863536328928158,0.08090657459293456,0.6129822230080496,0.3870177769919504
2023-10-01 00:00:00.000 UTC,0.030275708609009595,0.13814979850331188,0.388182178847244,0.6118178211527562
2024-01-01 00:00:00.000 UTC,0.029454081504417733,0.1422349175939412,0.3802415229148679,0.6197584770851322
2024-04-01 00:00:00.000 UTC,0.03438389522218141,0.11926551375912514,0.4531592440810175,0.5468407559189824
2024-07-01 00:00:00.000 UTC,0.041265696984595875,0.10925238629833355,0.542796385125867,0.4572036148741334
2024-10-01 00:00:00.000 UTC,0.040246054128410494,0.1138142980782957,0.5581185570077039,0.44188144299229554
2025-01-01 00:00:00.000 UTC,0.041330351644355785,0.11204021372322184,0.5701734112200962,0.42982658877990376
2025-04-01 00:00:00.000 UTC,0.04322103578452695,0.11140078891737382,0.6385480241536289,0.36145197584637123
2025-07-01 00:00:00.000 UTC,0.045317864608081335,0.10786851276549259,0.6782106346558077,0.3217893653441915
2025-10-01 00:00:00.000 UTC,0.04565929088148441,0.10903135107055323,0.7050444719669944,0.2949555280330058
2026-01-01 00:00:00.000 UTC,0.04581951472732457,0.11557000242288323,0.7363051677621762,0.26369483223782353
2026-04-01 00:00:00.000 UTC,0.04596952470081575,0.11993236182072226,0.7496047270769126,0.2503952729230866
2026-07-01 00:00:00.000 UTC,0.062663544759964,0.12450621921551007,0.8208280634830004,0.17917193651699867
