month,fee,harvests,avg_fee_per_harvest
2025-04-01 00:00:00.000 UTC,5930.841702,41,144.65467565853658
2025-05-01 00:00:00.000 UTC,30710.76743099999,612,50.18099253431371
2025-06-01 00:00:00.000 UTC,78777.05269499999,837,94.1183425268817
2025-07-01 00:00:00.000 UTC,44310.28445100001,652,67.9605589739264
2025-08-01 00:00:00.000 UTC,22143.403287000012,726,30.500555491735554
2025-09-01 00:00:00.000 UTC,24019.228225000006,638,37.64769314263324
2025-10-01 00:00:00.000 UTC,56396.22537899993,937,60.18807404375659
2025-11-01 00:00:00.000 UTC,85742.857476,854,100.40147245433256
2025-12-01 00:00:00.000 UTC,185951.320358,875,212.51579469485714
2026-01-01 00:00:00.000 UTC,152567.62219899992,1215,125.5700594230452
2026-02-01 00:00:00.000 UTC,178916.34519100012,876,204.2424031860732
2026-03-01 00:00:00.000 UTC,215740.14353999967,1065,202.57290473239405
2026-04-01 00:00:00.000 UTC,89810.635482,1024,87.70569871289062
