month,active_lenders,new_lenders,returning_lenders,repeat_share,cumulative_unique_lenders
2023-01-01 00:00:00.000 UTC,1,1,0,0.00000000000000000,1
2023-02-01 00:00:00.000 UTC,2,2,0,0.00000000000000000,3
2023-03-01 00:00:00.000 UTC,9,8,1,0.11111111111111111,11
2023-04-01 00:00:00.000 UTC,2,1,1,0.50000000000000000,12
2023-05-01 00:00:00.000 UTC,5,4,1,0.20000000000000000,16
2023-06-01 00:00:00.000 UTC,17,13,4,0.23529411764705882,29
2023-07-01 00:00:00.000 UTC,7,1,6,0.85714285714285714,30
2023-08-01 00:00:00.000 UTC,15,7,8,0.53333333333333333,37
2023-09-01 00:00:00.000 UTC,22,15,7,0.31818181818181818,52
2023-10-01 00:00:00.000 UTC,27,16,11,0.40740740740740741,68
2023-11-01 00:00:00.000 UTC,20,11,9,0.45000000000000000,79
2023-12-01 00:00:00.000 UTC,16,8,8,0.50000000000000000,87
2024-01-01 00:00:00.000 UTC,18,7,11,0.61111111111111111,94
2024-02-01 00:00:00.000 UTC,13,6,7,0.53846153846153846,100
2024-03-01 00:00:00.000 UTC,21,7,14,0.66666666666666667,107
2024-04-01 00:00:00.000 UTC,17,8,9,0.52941176470588235,115
2024-05-01 00:00:00.000 UTC,24,17,7,0.29166666666666667,132
2024-06-01 00:00:00.000 UTC,106,90,16,0.15094339622641509,222
2024-07-01 00:00:00.000 UTC,193,170,23,0.11917098445595855,392
2024-08-01 00:00:00.000 UTC,179,132,47,0.26256983240223464,524
2024-09-01 00:00:00.000 UTC,226,154,72,0.31858407079646018,678
2024-10-01 00:00:00.000 UTC,520,434,86,0.16538461538461538,1112
2024-11-01 00:00:00.000 UTC,252,152,100,0.39682539682539683,1264
2024-12-01 00:00:00.000 UTC,130,78,52,0.40000000000000000,1342
2025-01-01 00:00:00.000 UTC,267,174,93,0.34831460674157303,1516
2025-02-01 00:00:00.000 UTC,326,224,102,0.31288343558282209,1740
2025-03-01 00:00:00.000 UTC,377,237,140,0.37135278514588859,1977
2025-04-01 00:00:00.000 UTC,444,285,159,0.35810810810810811,2262
2025-05-01 00:00:00.000 UTC,2194,1984,210,0.09571558796718323,4246
2025-06-01 00:00:00.000 UTC,906,653,253,0.27924944812362031,4899
2025-07-01 00:00:00.000 UTC,643,398,245,0.38102643856920684,5297
2025-08-01 00:00:00.000 UTC,562,356,206,0.36654804270462633,5653
2025-09-01 00:00:00.000 UTC,750,531,219,0.29200000000000000,6184
2025-10-01 00:00:00.000 UTC,848,595,253,0.29834905660377358,6779
2025-11-01 00:00:00.000 UTC,722,410,312,0.43213296398891967,7189
2025-12-01 00:00:00.000 UTC,863,579,284,0.32908458864426419,7768
2026-01-01 00:00:00.000 UTC,884,551,333,0.37669683257918552,8319
2026-02-01 00:00:00.000 UTC,664,375,289,0.43524096385542169,8694
2026-03-01 00:00:00.000 UTC,922,563,359,0.38937093275488069,9257
2026-04-01 00:00:00.000 UTC,728,347,381,0.52335164835164835,9604
2026-05-01 00:00:00.000 UTC,634,314,320,0.50473186119873817,9918
2026-06-01 00:00:00.000 UTC,487,258,229,0.47022587268993840,10176
2026-07-01 00:00:00.000 UTC,564,297,267,0.47340425531914894,10473
2026-08-01 00:00:00.000 UTC,519,272,247,0.47591522157996146,10745
2026-09-01 00:00:00.000 UTC,189,75,114,0.60317460317460317,10820
