date,outstanding_usd
2022-12-11,10002400
2022-12-12,10002400
2022-12-13,2400
2022-12-14,2400
2022-12-15,2400
2022-12-16,2400
2022-12-17,2400
2022-12-18,2400
2022-12-19,2400
2022-12-20,2400
2022-12-21,2400
2022-12-22,2400
2022-12-23,2400
2022-12-24,2400
2022-12-25,2400
2022-12-26,2400
2022-12-27,2400
2022-12-28,2400
2022-12-29,2400
2022-12-30,2400
2022-12-31,2400
2023-01-01,2400
2023-01-02,2400
2023-01-03,2400
2023-01-04,2400
2023-01-05,2400
2023-01-06,2400
2023-01-07,2400
2023-01-08,2400
2023-01-09,2400
2023-01-10,2400
2023-01-11,2400
2023-01-12,2400
2023-01-13,2400
2023-01-14,2400
2023-01-15,2400
2023-01-16,2400
2023-01-17,2400
2023-01-18,2400
2023-01-19,2400
2023-01-20,2400
2023-01-21,2400
2023-01-22,2400
2023-01-23,2400
2023-01-24,2400
2023-01-25,2400
2023-01-26,2162390.06
2023-01-27,2162390.06
2023-01-28,2162390.06
2023-01-29,2162390.06
2023-01-30,2162390.06
2023-01-31,2162390.06
2023-02-01,2162390.06
2023-02-02,2162390.06
2023-02-03,2162390.06
2023-02-04,2162390.06
2023-02-05,2162390.06
2023-02-06,5162390.06
2023-02-07,5162390.06
2023-02-08,5162390.06
2023-02-09,5162390.06
2023-02-10,5162390.06
2023-02-11,5162390.06
2023-02-12,5162390.06
2023-02-13,5162390.06
2023-02-14,5162390.06
2023-02-15,8263064.462099999
2023-02-16,8263064.462099999
2023-02-17,8263064.462099999
2023-02-18,8263064.462099999
2023-02-19,8263064.462099999
2023-02-20,8263064.462099999
2023-02-21,8263064.462099999
2023-02-22,8263064.462099999
2023-02-23,8263064.462099999
2023-02-24,8263064.462099999
2023-02-25,8263064.462099999
2023-02-26,8263064.462099999
2023-02-27,8263064.462099999
2023-02-28,8263064.462099999
2023-03-01,8263064.462099999
2023-03-02,8263064.462099999
2023-03-03,8263064.462099999
2023-03-04,8263064.462099999
2023-03-05,8263064.462099999
2023-03-06,8263064.462099999
2023-03-07,8263064.462099999
2023-03-08,11263064.4621
2023-03-09,11263064.4621
2023-03-10,11263064.4621
2023-03-11,11264064.4621
2023-03-12,11264064.4621
2023-03-13,11264064.4621
2023-03-14,11264064.4621
2023-03-15,11264064.4621
2023-03-16,11264064.4621
2023-03-17,11264064.4621
2023-03-18,11264064.4621
2023-03-19,11264064.4621
2023-03-20,11264064.4621
2023-03-21,11715064.462100001
2023-03-22,11815064.462100001
2023-03-23,11815064.462100001
2023-03-24,11815064.462100001
2023-03-25,11815064.462100001
2023-03-26,11815064.462100001
2023-03-27,11815064.462100001
2023-03-28,11815064.462100001
2023-03-29,11815064.462100001
2023-03-30,11815064.462100001
2023-03-31,11815064.462100001
2023-04-01,11815064.462100001
2023-04-02,11815064.462100001
2023-04-03,11815064.462100001
2023-04-04,11905065.2621
2023-04-05,11905065.2621
2023-04-06,11905065.2621
2023-04-07,11905065.2621
2023-04-08,11905065.2621
2023-04-09,11905065.2621
2023-04-10,11905065.2621
2023-04-11,11905065.2621
2023-04-12,11905065.2621
2023-04-13,11905065.2621
2023-04-14,11905065.2621
2023-04-15,11905065.2621
2023-04-16,11905065.2621
2023-04-17,11905065.2621
2023-04-18,11905065.2621
2023-04-19,11905065.2621
2023-04-20,11905065.2621
2023-04-21,12213065.2621
2023-04-22,12213065.2621
2023-04-23,12213065.2621
2023-04-24,12213065.2621
2023-04-25,12213065.2621
2023-04-26,12213065.2621
2023-04-27,12213065.2621
2023-04-28,12213065.2621
2023-04-29,12213065.2621
2023-04-30,12213065.2621
2023-05-01,12213065.2621
2023-05-02,12213065.2621
2023-05-03,12213065.2621
2023-05-04,12213065.2621
2023-05-05,12213065.2621
2023-05-06,12213065.2621
2023-05-07,12213065.2621
2023-05-08,12213065.2621
2023-05-09,12213065.2621
2023-05-10,12213065.2621
2023-05-11,13763065.2621
2023-05-12,13763065.2621
2023-05-13,13763065.2621
2023-05-14,13763065.2621
2023-05-15,13763065.2621
2023-05-16,13763065.2621
2023-05-17,13763065.2621
2023-05-18,13763065.2621
2023-05-19,13763065.2621
2023-05-20,13763065.2621
2023-05-21,13763065.2621
2023-05-22,13763065.2621
2023-05-23,13763065.2621
2023-05-24,16030883.1621
2023-05-25,18030883.1621
2023-05-26,18030883.1621
2023-05-27,18030883.162100002
2023-05-28,18030883.162100002
2023-05-29,18030883.1621
2023-05-30,18030883.1621
2023-05-31,18030883.162100002
2023-06-01,21540883.162100002
2023-06-02,21640883.1621
2023-06-03,21640883.162100002
2023-06-04,21640883.162100002
2023-06-05,24640883.162100002
2023-06-06,24640883.162100002
2023-06-07,25102072.7821
2023-06-08,25280883.162100002
2023-06-09,23729883.1621
2023-06-10,23729883.1621
2023-06-11,23729883.162100002
2023-06-12,24329883.1621
2023-06-13,24544641.4321
2023-06-14,24544641.4321
2023-06-15,24544641.4321
2023-06-16,25568425.4321
2023-06-17,25568425.4321
2023-06-18,25568425.4321
2023-06-19,25568425.4321
2023-06-20,25968401.4321
2023-06-21,25968401.4321
2023-06-22,25968401.4321
2023-06-23,25778401.4321
2023-06-24,25778401.4321
2023-06-25,25778401.4321
2023-06-26,24778401.4321
2023-06-27,27395853.872100003
2023-06-28,30135370.1121
2023-06-29,30135370.1121
2023-06-30,30360850.6821
2023-07-01,30360850.6821
2023-07-02,30360850.682099998
2023-07-03,30360850.682099998
2023-07-04,30360850.6821
2023-07-05,29389474.912100002
2023-07-06,28889474.912100002
2023-07-07,28140474.912100002
2023-07-08,28140474.912100002
2023-07-09,28140474.912100002
2023-07-10,33276101.9521
2023-07-11,33276101.952100005
2023-07-12,34322268.5621
2023-07-13,34121268.56210001
2023-07-14,34121268.5621
2023-07-15,34121268.5621
2023-07-16,34121268.56210001
2023-07-17,34121268.56210001
2023-07-18,34121268.5621
2023-07-19,34121268.5621
2023-07-20,34121268.5621
2023-07-21,33896268.5621
2023-07-22,33896268.5621
2023-07-23,33896268.56210001
2023-07-24,33896268.5621
2023-07-25,33896268.5621
2023-07-26,33896268.5621
2023-07-27,33896268.5621
2023-07-28,33654968.5621
2023-07-29,33654968.56210001
2023-07-30,33654968.5621
2023-07-31,33654968.56210001
2023-08-01,34096082.0221
2023-08-02,34096082.0221
2023-08-03,34451859.752100006
2023-08-04,34451859.7521
2023-08-05,34451859.752100006
2023-08-06,34451859.7521
2023-08-07,34774826.0121
2023-08-08,34681826.012099996
2023-08-09,41088988.70761421
2023-08-10,41085735.62703783
2023-08-11,41068628.68549158
2023-08-12,41057249.113336265
2023-08-13,41060536.2457934
2023-08-14,42335787.755825
2023-08-15,42349437.78319202
2023-08-16,42292797.49520887
2023-08-17,41473248.80811169
2023-08-18,42495354.88197226
2023-08-19,42443550.09753723
2023-08-20,42472737.64324487
2023-08-21,42893553.18174814
2023-08-22,44000028.152409695
2023-08-23,43892040.767294616
2023-08-24,44041939.67128028
2023-08-25,50852516.23243577
2023-08-26,50835557.40633477
2023-08-27,50809884.3354505
2023-08-28,50847505.38558583
2023-08-29,50834770.0845427
2023-08-30,51097466.66242215
2023-08-31,51011886.029008016
2023-09-01,51012597.26705652
2023-09-02,50962865.007011265
2023-09-03,50981823.203962624
2023-09-04,50979232.940856785
2023-09-05,52640082.94119335
2023-09-06,52648440.4942317
2023-09-07,52646469.82515928
2023-09-08,52895962.12325147
2023-09-09,52862009.80500655
2023-09-10,52855498.62819599
2023-09-11,52797631.687742785
2023-09-12,56582004.37275038
2023-09-13,56445821.56319145
2023-09-14,59283217.72401407
2023-09-15,59347021.121959716
2023-09-16,59399901.918530606
2023-09-17,59374261.09116068
2023-09-18,59333517.87935325
2023-09-19,59381817.74259878
2023-09-20,59405919.54779088
2023-09-21,59322790.73006882
2023-09-22,59194128.15527342
2023-09-23,59227040.082788825
2023-09-24,59226049.985117644
2023-09-25,60184609.13738138
2023-09-26,60211882.64666128
2023-09-27,60225581.70464217
2023-09-28,60242405.24446341
2023-09-29,60429313.868376434
2023-09-30,60483197.89886509
2023-10-01,60493468.43060742
2023-10-02,60653807.89167828
2023-10-03,60419943.08900481
2023-10-04,62734099.84549621
2023-10-05,62283364.86157978
2023-10-06,61975867.22191817
2023-10-07,62089823.34216014
2023-10-08,62051231.64282261
2023-10-09,53372646.75
2023-10-10,54037646.75
2023-10-11,54037646.75
2023-10-12,54977064.839999996
2023-10-13,55977588.20999999
2023-10-14,55977588.20999999
2023-10-15,55977588.20999999
2023-10-16,58029990.5
2023-10-17,62665665.61
2023-10-18,61815665.61
2023-10-19,61681665.61
2023-10-20,61583665.61
2023-10-21,61583665.61000001
2023-10-22,61583665.61
2023-10-23,69683715.61000001
2023-10-24,70113769.09
2023-10-25,65039769.09
2023-10-26,59824151.769999996
2023-10-27,69832209.13
2023-10-28,69832209.13
2023-10-29,69832209.13
2023-10-30,69832209.13
2023-10-31,69342209.13
2023-11-01,69312169.13
2023-11-02,69312169.13
2023-11-03,69034764.13
2023-11-04,69034764.13
2023-11-05,69034764.13
2023-11-06,69034764.13
2023-11-07,68951264.13
2023-11-08,68951264.13
2023-11-09,68017117.74
2023-11-10,68017117.74
2023-11-11,68017117.74
2023-11-12,68017117.74
2023-11-13,68017117.74
2023-11-14,69269176.06
2023-11-15,69269176.06
2023-11-16,66606176.06
2023-11-17,67635617.18
2023-11-18,67635617.18
2023-11-19,67635617.18
2023-11-20,67635617.18
2023-11-21,77635617.18
2023-11-22,77837234.37
2023-11-23,77837234.37
2023-11-24,78496214.75999999
2023-11-25,78496214.75999999
2023-11-26,78496214.75999999
2023-11-27,78454414.75999999
2023-11-28,76496414.75999999
2023-11-29,75159941.44
2023-11-30,75421089.68
2023-12-01,75419664.68
2023-12-02,75419664.68
2023-12-03,75419664.68
2023-12-04,75621318.92
2023-12-05,69579318.92
2023-12-06,69579318.92
2023-12-07,69579318.92
2023-12-08,69292318.92
2023-12-09,69292318.92
2023-12-10,69292318.92
2023-12-11,69292318.92
2023-12-12,69048818.92
2023-12-13,66083818.92
2023-12-14,67211086.26
2023-12-15,66927586.260000005
2023-12-16,66927586.26
2023-12-17,66315584.06
2023-12-18,66315584.06
2023-12-19,65993598.800000004
2023-12-20,69443598.8
2023-12-21,69745144.57
2023-12-22,69745144.57000001
2023-12-23,69745144.57
2023-12-24,69745144.57000001
2023-12-25,69745144.57
2023-12-26,68492144.57
2023-12-27,68492144.57
2023-12-28,68492144.57
2023-12-29,67523843.77
2023-12-30,67523843.77000001
2023-12-31,67523843.77000001
2024-01-01,67523843.77
2024-01-02,65532343.769999996
2024-01-03,65532343.769999996
2024-01-04,65007567.81
2024-01-05,65007567.809999995
2024-01-06,65007567.81
2024-01-07,65007567.81
2024-01-08,65007567.81
2024-01-09,65007567.81
2024-01-10,65111647.72
2024-01-11,65968389.86
2024-01-12,65900434.86
2024-01-13,65900434.86
2024-01-14,65900434.86
2024-01-15,65900434.86
2024-01-16,65900434.86
2024-01-17,65900434.86
2024-01-18,61993155.099999994
2024-01-19,69234531.75
2024-01-20,69234531.75
2024-01-21,69234531.75
2024-01-22,70601967.15
2024-01-23,70902075.2
2024-01-24,70181497.4
2024-01-25,70608967.9
2024-01-26,71195473.80000001
2024-01-27,71276194.8
2024-01-28,71301836.39999999
2024-01-29,71330222.1
2024-01-30,71637204.92
2024-01-31,71783230.25
2024-02-01,71714840.45
2024-02-02,71430713.9
2024-02-03,71470845.65
2024-02-04,71430370.55
2024-02-05,71395945.1
2024-02-06,71499664.14
2024-02-07,71167943.84
2024-02-08,71227074.14
2024-02-09,71257698.89
2024-02-10,71319654.44
2024-02-11,71349015.74
2024-02-12,62108733.12
2024-02-13,62177928.269999996
2024-02-14,63092401.33
2024-02-15,63158056.330000006
2024-02-16,62430405.53000001
2024-02-17,62383937.93000001
2024-02-18,62360342.33
2024-02-19,62209645.980000004
2024-02-20,62195586.03000001
2024-02-21,62774326.510000005
2024-02-22,62726004.16000001
2024-02-23,62676491.41
2024-02-24,62647243.96000001
2024-02-25,62708695.66000001
2024-02-26,62597444.010000005
2024-02-27,62693541.21000001
2024-02-28,62668519.11
2024-02-29,59657656.31
2024-03-01,69010820.52815
2024-03-02,69088488.05
2024-03-03,69084577.22175
2024-03-04,68111912.59485
2024-03-05,65643509.01515
2024-03-06,65531867.469050005
2024-03-07,68630927.0539
2024-03-08,68838229.20500001
2024-03-09,68859124.0226
2024-03-10,68856761.33255
2024-03-11,69696632.50295001
2024-03-12,69852903.5096
2024-03-13,69894961.82865
2024-03-14,70268023.24885
2024-03-15,75611028.52364999
2024-03-16,75810889.83909999
2024-03-17,75689082.18214999
2024-03-18,76228906.63675
2024-03-19,76035320.0318
2024-03-20,75218917.9828
2024-03-21,67149626.75035
2024-03-22,76496419.12979999
2024-03-23,76297264.6996
2024-03-24,76301630.81179999
2024-03-25,76622248.92115
2024-03-26,77643313.933
2024-03-27,75207800.90685001
2024-03-28,77888601.5314
2024-03-29,77994853.85294999
2024-03-30,78058585.07069999
2024-03-31,78127539.7597
2024-04-01,78285752.36
2024-04-02,77977409.28940001
2024-04-03,78120842.778
2024-04-04,78243309.42519999
2024-04-05,78197218.0028
2024-04-06,77948021.42655
2024-04-07,78062630.28195
2024-04-08,77993570.09285
2024-04-09,78058967.01355
2024-04-10,77710134.896
2024-04-11,73681115.8497
2024-04-12,73664416.2085
2024-04-13,73084932.54355
2024-04-14,72663933.87955
2024-04-15,72653662.48865
2024-04-16,72510137.63309745
2024-04-17,72449749.63659258
2024-04-18,72076197.14192246
2024-04-19,77506463.63771711
2024-04-20,77581151.22076824
2024-04-21,77878571.9931528
2024-04-22,80070251.50227974
2024-04-23,80663709.71694912
2024-04-24,80566335.58918382
2024-04-25,80079962.52767044
2024-04-26,85121344.02270828
2024-04-27,84897233.43420538
2024-04-28,84964341.78995238
2024-04-29,84714448.0688786
2024-04-30,84879514.94092101
2024-05-01,84623864.23330556
2024-05-02,84638001.89913508
2024-05-03,85934336.71410586
2024-05-04,86416634.98913841
2024-05-05,86571747.73876429
2024-05-06,88330440.8102772
2024-05-07,88652034.9257106
2024-05-08,92980068.60126634
2024-05-09,107117042.50661512
2024-05-10,108636013.6837256
2024-05-11,107966661.8051505
2024-05-12,107885079.57464191
2024-05-13,108042062.13756242
2024-05-14,108209315.87731434
2024-05-15,107526528.6594347
2024-05-16,110082256.83378385
2024-05-17,112535172.68343577
2024-05-18,113443842.43133436
2024-05-19,113646556.81308402
2024-05-20,113314724.28868619
2024-05-21,108179293.38004361
2024-05-22,107466738.62081838
2024-05-23,113884107.95956047
2024-05-24,113839512.26901561
2024-05-25,113301876.51266542
2024-05-26,113407429.80807164
2024-05-27,112908598.62573485
2024-05-28,115520916.52094018
2024-05-29,115348872.54133095
2024-05-30,116192403.72946824
2024-05-31,116284113.77047534
2024-06-01,116135830.04794824
2024-06-02,116167665.80683675
2024-06-03,115863199.69983871
2024-06-04,115940819.04439186
2024-06-05,114059222.06000087
2024-06-06,114261450.61716661
2024-06-07,118975834.49931794
2024-06-08,118274548.05527285
2024-06-09,117972108.31397302
2024-06-10,117902554.06050353
2024-06-11,118107525.33169043
2024-06-12,116864498.81655756
2024-06-13,118624322.76440537
2024-06-14,118383313.1481028
2024-06-15,118028905.43530136
2024-06-16,118217409.76135854
2024-06-17,118537146.51578586
2024-06-18,119832049.85682301
2024-06-19,120529111.20074986
2024-06-20,123382124.48289035
2024-06-21,123785454.84508207
2024-06-22,123782376.70645541
2024-06-23,123724886.49366224
2024-06-24,124470908.89114307
2024-06-25,124632017.84386957
2024-06-26,126065276.27958202
2024-06-27,125917187.60466638
2024-06-28,126897941.82773478
2024-06-29,126101254.53742763
2024-06-30,126257163.55349582
2024-07-01,129618073.43280733
2024-07-02,130941195.4195185
2024-07-03,141571283.0140208
2024-07-04,139717950.88484645
2024-07-05,139777502.59634265
2024-07-06,139734086.7402057
2024-07-07,141058673.97014445
2024-07-08,138144180.91350052
2024-07-09,142685169.0234329
2024-07-10,143465398.63853854
2024-07-11,143486660.00591043
2024-07-12,145534906.9529786
2024-07-13,145879117.10266814
2024-07-14,146396992.99933523
2024-07-15,149262622.9846
2024-07-16,150204629.5829659
2024-07-17,138370881.46308237
2024-07-18,150772940.28667784
2024-07-19,155065357.08691192
2024-07-20,155849004.89950344
2024-07-21,156728488.60702136
2024-07-22,155774974.4668424
2024-07-23,157230002.35724792
2024-07-24,155925607.27925596
2024-07-25,155952504.9797627
2024-07-26,158583617.34461465
2024-07-27,160472598.7308721
2024-07-28,160389151.40503767
2024-07-29,159376774.47893116
2024-07-30,159113884.73407525
2024-07-31,158470597.88327172
2024-08-01,157333993.7193699
2024-08-02,159818315.48895395
2024-08-03,157489524.2987418
2024-08-04,156269280.7776346
2024-08-05,155138886.28028172
2024-08-06,154733516.75584158
2024-08-07,157378554.14773476
2024-08-08,156876461.14388523
2024-08-09,160411479.58481896
2024-08-10,159817047.64189646
2024-08-11,160147851.59161812
2024-08-12,158402043.6772138
2024-08-13,159373881.60251066
2024-08-14,168687138.24988773
2024-08-15,167951178.46293193
2024-08-16,167502622.30893835
2024-08-17,167260423.14654365
2024-08-18,167806437.02842137
2024-08-19,168285857.05349827
2024-08-20,168670578.9041881
2024-08-21,169442484.58385485
2024-08-22,171960925.8478421
2024-08-23,174573322.88698643
2024-08-24,176548280.26114503
2024-08-25,177057050.66966307
2024-08-26,176129794.0661454
2024-08-27,176999316.3781206
2024-08-28,175173800.2254855
2024-08-29,174513413.2144052
2024-08-30,174161655.25907996
2024-08-31,174120543.35601953
2024-09-01,173839360.56245983
2024-09-02,172894147.22319782
2024-09-03,173703179.1039846
2024-09-04,162090203.7300151
2024-09-05,167412594.14074752
2024-09-06,184378788.11271477
2024-09-07,187491287.4430466
2024-09-08,187490219.35070822
2024-09-09,182362340.53120697
2024-09-10,189039224.83102778
2024-09-11,189558409.88031814
2024-09-12,188218275.6135152
2024-09-13,193776134.77114716
2024-09-14,194462893.86289194
2024-09-15,194207096.85996127
2024-09-16,197245898.6522058
2024-09-17,196848503.5597307
2024-09-18,198194059.50156432
2024-09-19,198474693.30419934
2024-09-20,199068789.7125274
2024-09-21,204045784.78550607
2024-09-22,204373384.20708957
2024-09-23,204351270.62175763
2024-09-24,206372075.8047965
2024-09-25,209824473.88606182
2024-09-26,211185251.34526715
2024-09-27,211660663.3191302
2024-09-28,212176288.0587778
2024-09-29,211804960.40303466
2024-09-30,212259924.26649243
2024-10-01,213952426.78427413
2024-10-02,212216436.66837448
2024-10-03,211466342.2022221
2024-10-04,211093133.3376437
2024-10-05,212284239.9900977
2024-10-06,212033246.54012617
2024-10-07,202035171.18858397
2024-10-08,210755504.86340815
2024-10-09,212713619.22611684
2024-10-10,213380700.74873897
2024-10-11,215995011.7835309
2024-10-12,217262647.45773652
2024-10-13,217470610.18389034
2024-10-14,210724684.9976291
2024-10-15,224763850.59401047
2024-10-16,227800870.1604546
2024-10-17,227249689.06056878
2024-10-18,227389595.36559895
2024-10-19,228213726.732763
2024-10-20,228572198.28711802
2024-10-21,233634802.70288682
2024-10-22,243507465.95101354
2024-10-23,246367520.45697054
2024-10-24,245990776.80246192
2024-10-25,246610969.0829188
2024-10-26,244509584.13256663
2024-10-27,245121118.79251066
2024-10-28,248374971.08719698
2024-10-29,248173962.1264209
2024-10-30,257150761.84054554
2024-10-31,256804260.64690846
2024-11-01,253926022.41458538
2024-11-02,253516470.1014032
2024-11-03,253103103.99781105
2024-11-04,256825402.18764198
2024-11-05,257912102.89985883
2024-11-06,256823115.72860357
2024-11-07,258483590.5940131
2024-11-08,266685361.3219435
2024-11-09,261359996.1897965
2024-11-10,263899769.54200602
2024-11-11,261544028.5005185
2024-11-12,262709437.2241675
2024-11-13,263198492.64427
2024-11-14,262813161.41042697
2024-11-15,248743788.4084425
2024-11-16,250206053.4918405
2024-11-17,251133719.91042098
2024-11-18,252208594.540311
2024-11-19,251957690.17347053
2024-11-20,244302926.97450352
2024-11-21,248944693.42368853
2024-11-22,249149118.676783
2024-11-23,250688626.463827
2024-11-24,249089095.4313745
2024-11-25,254903204.20948052
2024-11-26,241856761.3425045
2024-11-27,244931834.4658575
2024-11-28,245448236.60511398
2024-11-29,246540417.3714385
2024-11-30,246428695.4959215
2024-12-01,246615893.809285
2024-12-02,245712797.04935598
2024-12-03,245018185.643524
2024-12-04,246459184.3955575
2024-12-05,247408687.5014725
2024-12-06,246475322.4621485
2024-12-07,247068061.93457347
2024-12-08,246328439.3993535
2024-12-09,239565700.22643048
2024-12-10,236326433.5549855
2024-12-11,230919907.5717365
2024-12-12,238513815.9496
2024-12-13,232708614.9221815
2024-12-14,232513654.2838065
2024-12-15,231244876.34072247
2024-12-16,231306093.732492
2024-12-17,238708480.008791
2024-12-18,238477136.819211
2024-12-19,230085376.0601815
2024-12-20,220826064.041131
2024-12-21,225306661.8018325
2024-12-22,223833533.4254035
2024-12-23,223201594.74700803
2024-12-24,227205009.4948165
2024-12-25,228131037.49610102
2024-12-26,226442647.4453865
2024-12-27,227061429.1029415
2024-12-28,225671657.0841975
2024-12-29,226689752.7030235
2024-12-30,225050240.649731
2024-12-31,225041792.415567
2025-01-01,217419633.0678755
2025-01-02,223738673.281266
2025-01-03,225808649.608573
2025-01-04,226423205.83743247
2025-01-05,226222090.012849
2025-01-06,228570207.2915235
2025-01-07,228847371.86075604
2025-01-08,222829363.3158855
2025-01-09,221966014.9215505
2025-01-10,224979954.3214775
2025-01-11,224293848.52545652
2025-01-12,223988885.76118398
2025-01-13,221566313.3502005
2025-01-14,226251320.8518455
2025-01-15,222158246.0069635
2025-01-16,226374535.04500252
2025-01-17,229501538.159494
2025-01-18,231101672.3511925
2025-01-19,233866476.721835
2025-01-20,232279709.4069375
2025-01-21,228820598.767044
2025-01-22,225615457.2322065
2025-01-23,229189736.8428005
2025-01-24,233037333.510403
2025-01-25,230892831.846576
2025-01-26,231507838.6518375
2025-01-27,228422215.118885
2025-01-28,236629688.9856925
2025-01-29,237443033.986297
2025-01-30,239648844.00073403
2025-01-31,235007744.37106052
2025-02-01,233199304.7815765
2025-02-02,232487089.945742
2025-02-03,223731836.749881
2025-02-04,223296941.7729895
2025-02-05,226972760.1557365
2025-02-06,225520258.50041202
2025-02-07,226875151.6830185
2025-02-08,226885964.355221
2025-02-09,226929102.426815
2025-02-10,232432401.7412295
2025-02-11,233709593.829236
2025-02-12,236834404.22023952
2025-02-13,237202134.5771745
2025-02-14,237013729.38286602
2025-02-15,235925505.479232
2025-02-16,235335196.1614055
2025-02-17,234849298.111732
2025-02-18,232533272.578376
2025-02-19,224896329.649781
2025-02-20,236182932.136964
2025-02-21,235249241.30855152
2025-02-22,236213310.1735885
2025-02-23,235861645.99272949
2025-02-24,231064558.8167815
2025-02-25,228900488.29574704
2025-02-26,225685490.62314853
2025-02-27,231402068.23453254
2025-02-28,232381188.5485695
2025-03-01,231812039.28681898
2025-03-02,236732936.73237953
2025-03-03,228548987.41782102
2025-03-04,241174749.58809298
2025-03-05,244258586.4221225
2025-03-06,243815816.5623565
2025-03-07,249583642.25063202
2025-03-08,248605388.20622748
2025-03-09,246251851.99306053
2025-03-10,248472803.925738
2025-03-11,243048267.80068353
2025-03-12,243276778.0841605
2025-03-13,252409929.767548
2025-03-14,256924438.9481675
2025-03-15,256933466.2885545
2025-03-16,255742127.26925048
2025-03-17,255938209.1691335
2025-03-18,253320911.26901153
2025-03-19,216175836.53758502
2025-03-20,213721663.7227975
2025-03-21,248161293.49102998
2025-03-22,248521442.1037345
2025-03-23,248569288.53569302
2025-03-24,254484235.96707854
2025-03-25,271785475.1196545
2025-03-26,272219995.00568646
2025-03-27,273380822.66489446
2025-03-28,286248852.7847595
2025-03-29,285528524.837792
2025-03-30,286816920.035071
2025-03-31,285981783.39543796
2025-04-01,276262219.7856665
2025-04-02,279449482.068312
2025-04-03,277686923.036793
2025-04-04,275301802.1060585
2025-04-05,274955718.53709555
2025-04-06,272053329.17602754
2025-04-07,268201856.46588802
2025-04-08,264104764.75500003
2025-04-09,299792686.53999996
2025-04-10,299027632.255
2025-04-11,305583680.345
2025-04-12,306295099.975
2025-04-13,305931571.025
2025-04-14,306174513.63
2025-04-15,343190447.03499997
2025-04-16,343405345.24
2025-04-17,343241059.15999997
2025-04-18,343417070.65
2025-04-19,343843902.09499997
2025-04-20,343779808.09999996
2025-04-21,335356953.1399999
2025-04-22,375991632.4599999
2025-04-23,381559710.39499986
2025-04-24,377423336.43999994
2025-04-25,373970119.04999995
2025-04-26,373980830.00999993
2025-04-27,373873315.6599999
2025-04-28,375978869.2049999
2025-04-29,375954437.4299999
2025-04-30,375586096.35499996
2025-05-01,376267249.59499997
2025-05-02,376075243.22999996
2025-05-03,375885123.38
2025-05-04,375591287.525
2025-05-05,378991301.3599999
2025-05-06,378882604.8599999
2025-05-07,410705918.6649999
2025-05-08,417020626.04999995
2025-05-09,412671288.6499999
2025-05-10,413942297.9749999
2025-05-11,413586131.53999996
2025-05-12,413935605.64
2025-05-13,413987889.5549999
2025-05-14,442716435.9149999
2025-05-15,432399875.1399999
2025-05-16,432284787.59
2025-05-17,431811571.06499994
2025-05-18,432281223.4099999
2025-05-19,432013829.6099999
2025-05-20,442324555.655
2025-05-21,453886841.5399999
2025-05-22,459297856.71999997
2025-05-23,508597420.45000005
2025-05-24,508707947.1599999
2025-05-25,508602842.95
2025-05-26,508744257.24999994
2025-05-27,516420340.7399999
2025-05-28,518604609.7
2025-05-29,532581565.705
2025-05-30,490641509.305
2025-05-31,493284100.58500004
2025-06-01,493299162.28499997
2025-06-02,493503369.705
2025-06-03,503599005.12
2025-06-04,503282637.99
2025-06-05,501493225.3
2025-06-06,522058225.33
2025-06-07,522792383.595
2025-06-08,535897579.795
2025-06-09,546461708.21
2025-06-10,611005145.865
2025-06-11,626300173.735
2025-06-12,632843174.54
2025-06-13,675179550.895
2025-06-14,674830896.2249999
2025-06-15,696214459.495
2025-06-16,696538933.2199999
2025-06-17,695640840.64
2025-06-18,703660532.91
2025-06-19,711128934.4399999
2025-06-20,710312874.755
2025-06-21,709445395.91
2025-06-22,709120045.99
2025-06-23,710665428.51
2025-06-24,705885034.1049999
2025-06-25,737747413.185
2025-06-26,737528543.34
2025-06-27,737726537.81
2025-06-28,736876916.645
2025-06-29,737117888.425
2025-06-30,744415719.715
2025-07-01,743810784.6499999
2025-07-02,781531340.91
2025-07-03,803397859.2949998
2025-07-04,803022544.6
2025-07-05,802998159.8
2025-07-06,803354015.81
2025-07-07,803061698.5499998
2025-07-08,803360968.39
2025-07-09,805345225.93
2025-07-10,812065886.115
2025-07-11,870691810.6299999
2025-07-12,870135884.785
2025-07-13,870184221.1800001
2025-07-14,872329988.1700001
2025-07-15,897337448.565
2025-07-16,898264780.425
2025-07-17,992259439.7400001
2025-07-18,1028888310.7450001
2025-07-19,1028949923.5450001
2025-07-20,1029379565.085
2025-07-21,1030257761.1850001
2025-07-22,1017429020.215
2025-07-23,1015783848.4350001
2025-07-24,1015672408.6750001
2025-07-25,1015777098.175
2025-07-26,1015768233.8550001
2025-07-27,1016115633.0450001
2025-07-28,1018242263.72
2025-07-29,1028948266.02
2025-07-30,979641271.265
2025-07-31,980609427.815
2025-08-01,954705652.205
2025-08-02,954512075.9350001
2025-08-03,954782613.32
2025-08-04,962300065.9649999
2025-08-05,974270944.515
2025-08-06,979316657.095
2025-08-07,979932621.34
2025-08-08,979233606.285
2025-08-09,979679926.565
2025-08-10,979809221.9849999
2025-08-11,976730514.2049999
2025-08-12,997894383.48
2025-08-13,999332095.365
2025-08-14,1048608051.225
2025-08-15,1051447422.105
2025-08-16,1051430913.075
2025-08-17,1051760643.385
2025-08-18,1051076815.5250001
2025-08-19,1050527319.225
2025-08-20,1043242251.0050001
2025-08-21,1042814964.125
2025-08-22,1044445459.155
2025-08-23,1044614034.535
2025-08-24,1044692655.6200001
2025-08-25,1043069377.235
2025-08-26,1037381960.345
2025-08-27,1055754191.23
2025-08-28,1061136927.925
2025-08-29,1055407577.985
2025-08-30,1055288826.5300001
2025-08-31,1055523325.895
2025-09-01,1054909832.775
2025-09-02,1055627752.275
2025-09-03,1111402894.1450002
2025-09-04,1112053766.405
2025-09-05,1115463277.22
2025-09-06,1115234460.025
2025-09-07,1115613201.9199998
2025-09-08,1116000000.915
2025-09-09,1085769303.935
2025-09-10,1116179689.665
2025-09-11,1141510567.4399998
2025-09-12,1142491111.425
2025-09-13,1217479392.8049998
2025-09-14,1217491012.335
2025-09-15,1236881910.245
2025-09-16,1257089794.825
2025-09-17,1257534775.7549999
2025-09-18,1258800066.305
2025-09-19,1258208661.605
2025-09-20,1258325732.385
2025-09-21,1258174998.7649999
2025-09-22,1256907914.195
2025-09-23,1256652761.125
2025-09-24,1221440956.785
2025-09-25,1215233260.825
2025-09-26,1215858794.2399998
2025-09-27,1215871363.6299999
2025-09-28,1216298171.305
2025-09-29,1216633162.145
2025-09-30,1316232027.2649999
2025-10-01,1322049658.875
2025-10-02,1322935225.9499998
2025-10-03,1322718492.735
2025-10-04,1322394302.425
2025-10-05,1322448223.81
2025-10-06,1343010130.865
2025-10-07,1342138349.375
2025-10-08,1347676487.64
2025-10-09,1352120198.2350001
2025-10-10,1348866690.425
2025-10-11,1393298240.505
2025-10-12,1444808607.6799998
2025-10-13,1435551970.0249999
2025-10-14,1374944440.185
2025-10-15,1376325969.3
2025-10-16,1370676335
2025-10-17,1380712229.625
2025-10-18,1380922608.24
2025-10-19,1381224715.425
2025-10-20,1381234142.6799998
2025-10-21,1361003524.805
2025-10-22,1390318566.7250001
2025-10-23,1396034092.575
2025-10-24,1396314072.1100001
2025-10-25,1396382671.155
2025-10-26,1396932621.58
2025-10-27,1398534627.3149998
2025-10-28,1431384424.255
2025-10-29,1429033686.305
2025-10-30,1435061466.1950002
2025-10-31,1386503398.52
2025-11-01,1386472721.225
2025-11-02,1386384287.2649999
2025-11-03,1347788111.675
2025-11-04,1325804630.95
2025-11-05,1326446972.155
2025-11-06,1330941658.155
2025-11-07,1331491013.95
2025-11-08,1331183633.495
2025-11-09,1331793050.8
2025-11-10,1339890173.625
2025-11-11,1306956802.6750002
2025-11-12,1390801142.685
2025-11-13,1390071523.87
2025-11-14,1359114150.6550002
2025-11-15,1359116026.395
2025-11-16,1358876968.1100001
2025-11-17,1361185267.375
2025-11-18,1361837003.315
2025-11-19,1326347125.7450001
2025-11-20,1315778899.66
2025-11-21,1261665352.7
2025-11-22,1261894226.07
2025-11-23,1262177135.4599998
2025-11-24,1358739250.3899999
2025-11-25,1313875527.8
2025-11-26,1315875527.8
2025-11-27,1317875527.8
2025-11-28,1317875527.8
2025-11-29,1317875527.8
2025-11-30,1317875527.8
2025-12-01,1260875527.8
2025-12-02,1248875527.8
2025-12-03,1248875527.8
2025-12-04,1332887214.47
2025-12-05,1314237214.4699998
2025-12-06,1314237214.4699998
2025-12-07,1314237214.47
2025-12-08,1273713214.47
2025-12-09,1225013214.47
2025-12-10,1225013214.47
2025-12-11,1125013214.47
2025-12-12,1225013214.4699998
2025-12-13,1225013214.47
2025-12-14,1225013214.47
2025-12-15,1225013214.4699998
2025-12-16,1215530387.81
2025-12-17,1215530387.81
2025-12-18,1029078121.15
2025-12-19,1029078121.15
2025-12-20,1029078121.1500001
2025-12-21,1029078121.15
2025-12-22,989078121.1500001
2025-12-23,1450078121.1499999
2025-12-24,1450078121.15
2025-12-25,1450078121.15
2025-12-26,1450078121.15
2025-12-27,1450078121.15
2025-12-28,1450078121.1499999
2025-12-29,1447578121.15
2025-12-30,1477578121.1499999
2025-12-31,1622578121.1499999
2026-01-01,1622378121.1499999
2026-01-02,1122378121.15
2026-01-03,1122378121.15
2026-01-04,1122378121.15
2026-01-05,1120690434.4799998
2026-01-06,1170690434.4799998
2026-01-07,1164690434.48
2026-01-08,1164690434.4799998
2026-01-09,1164690434.4799998
2026-01-10,1164690434.48
2026-01-11,1164690434.48
2026-01-12,1264690434.4799998
2026-01-13,1264690434.48
2026-01-14,1271565434.48
2026-01-15,1271565434.4799998
2026-01-16,1271565434.4799998
2026-01-17,1271565434.4799998
2026-01-18,1271565434.48
2026-01-19,1271565434.4799998
2026-01-20,1271565434.48
2026-01-21,1371565434.4799998
2026-01-22,1371565434.48
2026-01-23,1371565434.48
2026-01-24,1371565434.4799998
2026-01-25,1360350434.48
2026-01-26,1360350434.4799998
2026-01-27,1360350434.48
2026-01-28,1360350434.48
2026-01-29,1360350434.48
2026-01-30,1351327434.48
2026-01-31,1322973036.1
2026-02-01,1322328136.1
2026-02-02,1322328136.1
2026-02-03,1112829216.1
2026-02-04,1005369287.78
2026-02-05,909287765.4599999
2026-02-06,891588635.028
2026-02-07,891588635.028
2026-02-08,891588635.028
2026-02-09,894588635.028
2026-02-10,924588635.028
2026-02-11,867088635.028
2026-02-12,867088635.028
2026-02-13,867088635.028
2026-02-14,867088635.028
2026-02-15,867088635.028
2026-02-16,867088635.028
2026-02-17,867088635.028
2026-02-18,867088635.028
2026-02-19,858713635.028
2026-02-20,858713635.028
2026-02-21,858713635.028
2026-02-22,858713635.028
2026-02-23,858713635.028
2026-02-24,858713635.028
2026-02-25,858713635.028
2026-02-26,849713635.028
2026-02-27,849713635.028
2026-02-28,849713635.028
2026-03-01,849713635.028
2026-03-02,849713635.028
2026-03-03,849713635.028
2026-03-04,849713635.028
2026-03-05,849713635.028
2026-03-06,859713635.028
2026-03-07,856713635.028
2026-03-08,856713635.028
2026-03-09,856713635.028
2026-03-10,856713635.028
2026-03-11,856713635.028
2026-03-12,856713635.028
2026-03-13,856713635.028
2026-03-14,856713635.028
2026-03-15,856713635.028
2026-03-16,856713635.028
2026-03-17,856713635.028
2026-03-18,806713635.028
2026-03-19,806713635.028
2026-03-20,806713635.028
2026-03-21,806713635.028
2026-03-22,806713635.028
2026-03-23,806713635.028
2026-03-24,806713635.028
2026-03-25,806713635.028
2026-03-26,1206713635.028
2026-03-27,1206713635.0279999
2026-03-28,1206713635.028
2026-03-29,1206713635.0279999
2026-03-30,1186713635.028
2026-03-31,1186713635.028
2026-04-01,1186713635.0279999
2026-04-02,786713635.028
2026-04-03,786713635.028
2026-04-04,786713635.028
2026-04-05,786713635.028
2026-04-06,786713635.028
2026-04-07,791213635.028
2026-04-08,781556645.028
2026-04-09,772913645.028
2026-04-10,772913645.028
2026-04-11,772913645.028
2026-04-12,772913645.028
2026-04-13,772913645.028
2026-04-14,872913645.028
2026-04-15,872913645.028
2026-04-16,872913645.028
2026-04-17,872913645.028
2026-04-18,872913645.0280001
2026-04-19,872913645.028
2026-04-20,872913645.028
2026-04-21,972913645.0280001
2026-04-22,965414439.028
2026-04-23,1003014439.028
2026-04-24,1003014439.0280001
2026-04-25,1003014439.028
2026-04-26,1003014439.0280001
2026-04-27,1003014439.0280001
2026-04-28,1003014439.028
2026-04-29,1082014439.0279999
2026-04-30,1086014439.028
2026-05-01,1286014439.0279999
2026-05-02,1286014439.028
2026-05-03,1286014439.0279999
2026-05-04,1286014439.028
2026-05-05,1286014439.0279999
2026-05-06,1286014439.028
2026-05-07,1287014439.0279999
2026-05-08,1287014439.0279999
2026-05-09,1287014439.028
2026-05-10,1287014439.028
2026-05-11,1287014439.028
2026-05-12,1287014439.028
2026-05-13,1237014439.028
2026-05-14,1237014446.0279999
2026-05-15,1301989844.578
2026-05-16,1301989844.578
2026-05-17,1301989844.578
2026-05-18,1295439844.578
2026-05-19,1297239844.578
2026-05-20,1242313402.368
2026-05-21,1242313402.368
2026-05-22,1242313402.368
2026-05-23,1242313402.368
2026-05-24,1242313402.368
2026-05-25,1242613402.368
2026-05-26,1362613402.368
2026-05-27,1362613402.368
2026-05-28,1364613402.368
2026-05-29,1364613402.368
2026-05-30,1364613402.368
2026-05-31,1364613402.368
2026-06-01,1364613402.368
2026-06-02,1361628402.368
2026-06-03,1354628402.368
2026-06-04,1355628402.368
2026-06-05,1337132252.088
2026-06-06,1334768311.0879998
2026-06-07,1334768311.0879998
2026-06-08,1344768311.0879998
2026-06-09,1350568311.0879998
2026-06-10,1368168311.088
2026-06-11,1373968311.0879998
2026-06-12,1480293311.088
2026-06-13,1458753311.448
2026-06-14,1458753304.2380002
2026-06-15,1442053304.2380002
2026-06-16,1406038520.238
2026-06-17,1407663520.2380002
2026-06-18,1431163520.2380002
2026-06-19,1431163520.238
2026-06-20,1431163520.2380002
2026-06-21,1431163520.238
2026-06-22,1431163520.2380002
