month,avg_market_cap_usd,revenue_ttm,mcap_to_revenue_ttm
2025-07-01,606613012,6112705.163214983,99.23806167692722
2025-08-01,507494568.9677419,7056282.293399988,71.92095608794182
2025-09-01,494224719.1666667,7985728.023546588,61.88849879552669
2025-10-01,436818751.5483871,9609374.11405822,45.457565327728744
2025-11-01,437010803.06666666,11123345.149876319,39.28771400854408
2025-12-01,330537823.483871,13090633.477690857,25.24994867873856
2026-01-01,389074531.0967742,15053015.138473598,25.846950097216673
2026-02-01,288350287.75,16603612.451328278,17.36671995900098
2026-03-01,260126068.0967742,17536549.86119017,14.833366320957728
2026-04-01,249806994.4,18565210.430087775,13.455651113716945
2026-05-01,245122992.06451613,18371335.896787506,13.342687403988919
2026-06-01,153676073.8,17991553.73284445,8.541567675695342
2026-07-01,210303243.04,17673988.07066733,11.899025969641237
