month,avg_borrow_rate,median_borrow_rate,loans
2022-01-01 00:00:00.000 UTC,0.09708333333333331,0.1,6
2022-02-01 00:00:00.000 UTC,0.08806363636363636,0.0875,22
2022-03-01 00:00:00.000 UTC,0.08616842105263157,0.085,19
2022-04-01 00:00:00.000 UTC,0.08543161538461537,0.082,13
2022-05-01 00:00:00.000 UTC,0.07825,0.075,8
2022-06-01 00:00:00.000 UTC,0.07890000000000001,0.075,5
2022-08-01 00:00:00.000 UTC,0.11562499999999999,0.115,4
2022-09-01 00:00:00.000 UTC,0.10903846153846154,0.1075,13
2022-10-01 00:00:00.000 UTC,0.11499999999999999,0.12,4
2022-11-01 00:00:00.000 UTC,0.10500000000000001,0.11,2
2022-12-01 00:00:00.000 UTC,0,0,4
2023-06-01 00:00:00.000 UTC,0.0097400000000515,4.95e-14,5
2023-07-01 00:00:00.000 UTC,0.0451,0.0451,1
2023-08-01 00:00:00.000 UTC,0.12508333333333335,0.162,6
2023-09-01 00:00:00.000 UTC,0.08816666666666667,0.1025,3
2023-10-01 00:00:00.000 UTC,0.09930875,0.11,4
2023-11-01 00:00:00.000 UTC,0.1125,0.1125,1
2023-12-01 00:00:00.000 UTC,0.125,0.125,1
2024-01-01 00:00:00.000 UTC,0.105,0.105,1
2024-02-01 00:00:00.000 UTC,0.0875,0.0875,1
2024-03-01 00:00:00.000 UTC,0.08845000000000001,0.095,4
2024-04-01 00:00:00.000 UTC,0.12166666666666666,0.11,3
2024-05-01 00:00:00.000 UTC,0.12,0.105,5
2024-06-01 00:00:00.000 UTC,0.11291666666666667,0.105,6
2024-07-01 00:00:00.000 UTC,0.09977272727272726,0.1,11
2024-08-01 00:00:00.000 UTC,0.10375000000000001,0.1,10
2024-09-01 00:00:00.000 UTC,0.07433333333333333,0.0775,15
2024-10-01 00:00:00.000 UTC,0.10228260869565217,0.0975,23
2024-11-01 00:00:00.000 UTC,0.09284375,0.1075,16
2024-12-01 00:00:00.000 UTC,0.12055555555555555,0.15,9
2025-01-01 00:00:00.000 UTC,0.10974999999999999,0.1225,10
2025-02-01 00:00:00.000 UTC,0.09468750000000002,0.1,16
2025-03-01 00:00:00.000 UTC,0.065,0.0675,10
2025-04-01 00:00:00.000 UTC,0.07298076923076922,0.08,13
2025-05-01 00:00:00.000 UTC,0.08966666666666669,0.08625,15
2025-06-01 00:00:00.000 UTC,0.07104999999999999,0.075,20
2025-07-01 00:00:00.000 UTC,0.06933333333333334,0.0725,15
2025-08-01 00:00:00.000 UTC,0.08760416666666666,0.085,12
2025-09-01 00:00:00.000 UTC,0.07833333333333334,0.0775,21
2025-10-01 00:00:00.000 UTC,0.0685875,0.07,20
2025-11-01 00:00:00.000 UTC,0.07439583333333333,0.0775,12
2025-12-01 00:00:00.000 UTC,0.071875,0.08,8
2026-01-01 00:00:00.000 UTC,0.06507142857142857,0.06,7
2026-02-01 00:00:00.000 UTC,0.037083333333333336,0.0425,12
2026-03-01 00:00:00.000 UTC,0.044583333333333336,0.055,6
2026-04-01 00:00:00.000 UTC,0.04320833333333333,0.055,12
2026-05-01 00:00:00.000 UTC,0.04333333333333333,0.055,15
2026-06-01 00:00:00.000 UTC,0.04406034482758621,0.055,29
2026-07-01 00:00:00.000 UTC,0.04705555555555555,0.0545,18
2026-08-01 00:00:00.000 UTC,0.04413333333333334,0.05,15
2026-09-01 00:00:00.000 UTC,0.03283333333333333,0.0475,3
