date,price_usd,market_cap_usd,total_tvl_usd,mcap_to_tvl_ratio
2025-07-27,0.549687,659070792,3184386605.7166224,0.20696946495655827
2025-07-28,0.561554,672099864,3145987300.88411,0.21363718277283614
2025-07-29,0.496706,593981898,3195013633.9511094,0.18590903390463878
2025-07-30,0.473417,567206879,3001641970.820553,0.1889655343688254
2025-07-31,0.451424,540705627,2973369012.033181,0.1818494861592262
2025-08-01,0.413621,494271496,2861854033.5979166,0.17271023965488658
2025-08-02,0.425591,508267248,2842083433.3594227,0.1788361460589543
2025-08-03,0.404746,483916475,2873125886.400388,0.1684285667017109
2025-08-04,0.417845,498890031,2955406352.2041397,0.16880590062612819
2025-08-05,0.441125,527017427,3033926867.2048335,0.17370801936486452
2025-08-06,0.460648,555069564,3049360075.6951756,0.18202821254995882
2025-08-07,0.475209,567407663,3130812025.559043,0.18123338557787824
2025-08-08,0.499728,597018542,3133220077.0659666,0.19054471990970534
2025-08-09,0.49713,554002515,3169299132.152889,0.17480284816904262
2025-08-10,0.506945,566658419,3195631699.0561643,0.17732281826074126
2025-08-11,0.508929,568653011,3124256466.8431664,0.18201226981041746
2025-08-12,0.493822,553330031,3211672568.553334,0.17228718656374176
2025-08-13,0.468873,524028407,3310837095.2968163,0.15827671127172172
2025-08-14,0.470556,526368074,3273767023.281174,0.16078360807496955
2025-08-15,0.431619,482374923,3256683699.684573,0.14811844424643406
2025-08-16,0.424433,473041463,3252176124.168002,0.14545382689598868
2025-08-17,0.435549,486744627,3273998437.5517983,0.14866977986830487
2025-08-18,0.436935,488444262,3234779480.7692566,0.15099770012261982
2025-08-19,0.421577,470906001,3177759963.4262652,0.14818803384138193
2025-08-20,0.402494,449455136,3218986910.465779,0.139626270159317
2025-08-21,0.416254,465187278,3173170608.1417484,0.1466001471230127
2025-08-22,0.407735,455686074,3326593130.9679756,0.13698280975750227
2025-08-23,0.435704,487197424,3293399110.87801,0.147931485859336
2025-08-24,0.463395,518607030,3268675339.556293,0.15865969425718446
2025-08-25,0.441324,493286612,3153160152.350221,0.1564419782586453
2025-08-26,0.395566,442239435,3214559196.0892286,0.13757389676880738
2025-08-27,0.413488,461997410,3263957793.775593,0.14154515443828186
2025-08-28,0.44285,495062502,3293508771.8335505,0.1503146146850523
2025-08-29,0.443709,495885899,3264841011.700778,0.15188669133437357
2025-08-30,0.456129,510640517,3268031477.4268703,0.15625324313034458
2025-08-31,0.475012,530676142,3292652909.338639,0.16116977908448646
2025-09-01,0.449357,502347839,3255113009.2197347,0.15432577535008993
2025-09-02,0.450351,502532141,3305714428.967712,0.15201922361966627
2025-09-03,0.455475,509728253,3453198559.305087,0.14761046729458163
2025-09-04,0.494798,553308069,3462425271.663354,0.15980361324424774
2025-09-05,0.477341,533308296,3464829489.2441893,0.15392050248231257
2025-09-06,0.502891,561658602,3455149375.390487,0.16255696671190187
2025-09-07,0.495843,554349446,3479618356.4282813,0.1593132893370014
2025-09-08,0.486329,543534437,3515152792.189048,0.15462611986818248
2025-09-09,0.488104,545994429,3489014931.875068,0.15648956500927652
2025-09-10,0.459595,513351662,3569020359.02109,0.14383545353067193
2025-09-11,0.443323,495371571,3610304560.2943683,0.13721046596678524
2025-09-12,0.465287,520641795,3661412084.614295,0.14219699475724162
2025-09-13,0.477688,533167323,3797367090.1568403,0.14040447245198487
2025-09-14,0.470173,525617434,3826733045.433634,0.13735408970510996
2025-09-15,0.458561,512291676,3827514590.581503,0.13384447371163882
2025-09-16,0.440657,492833442,3962089528.867527,0.12438725536342568
2025-09-17,0.437914,489428009,4005808284.2126846,0.12217958880580673
2025-09-18,0.447397,499568928,4057128335.882734,0.12313362719676103
2025-09-19,0.445805,497811318,4044151600.81969,0.1230941287905975
2025-09-20,0.426527,476672561,4063064330.97435,0.11731848727231221
2025-09-21,0.428878,479315576,4063525076.61341,0.11795560922180091
2025-09-22,0.420543,469983789,3969740167.996282,0.11839157453905184
2025-09-23,0.4067,454625474,3951492513.8044944,0.11505158428410811
2025-09-24,0.402265,449589112,3920091542.583112,0.11468842171572019
2025-09-25,0.410177,458283898,3849586920.469916,0.1190475517160313
2025-09-26,0.375553,419356337,3904962251.1450863,0.10739062506354023
2025-09-27,0.388661,434335630,3902480757.7815228,0.11129731495381173
2025-09-28,0.379745,424499335,3973464625.0573473,0.10683355083194515
2025-09-29,0.39102,437353636,4002683270.262851,0.10926511204352163
2025-09-30,0.389631,435881557,4021624973.684365,0.10838443660266815
2025-10-01,0.378418,422843212,4210104348.2299323,0.10043532820695461
2025-10-02,0.407047,454312758,4286002699.25006,0.10599917682727848
2025-10-03,0.407818,456536910,4399474857.721804,0.10377077373193813
2025-10-04,0.423538,473687883,4438888000.091267,0.10671318649856916
2025-10-05,0.411577,458965642,4464834429.836986,0.10279566895759608
2025-10-06,0.410087,459009532,4580812109.539318,0.10020265425078995
2025-10-07,0.418639,467632121,4478418789.496153,0.1044190244326416
2025-10-08,0.390244,435761975,4516403902.425596,0.09648427917750406
2025-10-09,0.406241,453566953,4491165885.452646,0.10099091518065512
2025-10-10,0.390832,436691233,4257702008.8954206,0.10256500621406597
2025-10-11,0.335922,375085239,4188535086.2163363,0.0895504588786503
2025-10-12,0.334852,374105165,4394201431.0804405,0.08513609830308018
2025-10-13,0.372145,416276512,4425964071.914974,0.09405329669110721
2025-10-14,0.405332,453339763,4242580854.090221,0.10685471381480935
2025-10-15,0.452989,508608583,4225289264.769905,0.12037248839759544
2025-10-16,0.430922,481492546,4179892201.043191,0.11519257503335424
2025-10-17,0.405147,452794058,4187984497.5413465,0.10811741501570105
2025-10-18,0.376465,421785419,4210833261.840863,0.10016673488885826
2025-10-19,0.368904,412233291,4279913905.848658,0.09631812696901874
2025-10-20,0.376319,420312924,4336817242.687448,0.09691737061521634
2025-10-21,0.360658,402523153,4317281333.929041,0.09323533072459621
2025-10-22,0.355759,397754860,4369970705.41151,0.09102002892317886
2025-10-23,0.34734,388684536,4515009171.579622,0.08608720851479792
2025-10-24,0.373329,416790717,4550943245.061051,0.09158336954703304
2025-10-25,0.376189,420583425,4567496277.918791,0.09208183201665171
2025-10-26,0.388515,434263841,4647601131.1103,0.09343827681190349
2025-10-27,0.397952,444794066,4645580154.943821,0.09574564449752324
2025-10-28,0.384446,430129846,4785600605.775526,0.08988001328002501
2025-10-29,0.388527,434218116,4800756201.371446,0.09044785816783524
2025-10-30,0.425036,473896223,4696858765.532481,0.10089641751156095
2025-10-31,0.413608,462700796,4684799329.930121,0.09876640671541884
2025-11-01,0.433929,485143098,4684145322.500718,0.10357131655791527
2025-11-02,0.457304,510998692,4672809590.202253,0.10935577025681512
2025-11-03,0.441184,493414622,4528528552.208802,0.10895694182149644
2025-11-04,0.407572,455943987,4365619617.195754,0.10443969630429566
2025-11-05,0.373872,417903963,4382470024.893404,0.09535808816174728
2025-11-06,0.416719,475026349,4325204075.217074,0.10982749963680252
2025-11-07,0.398618,453127092,4390744212.9971075,0.10320052137373244
2025-11-08,0.453601,513459100,4354019829.403802,0.11792759797107039
2025-11-09,0.452139,518454100,4414343980.025442,0.11744759863435289
2025-11-10,0.470339,535240686,4477239971.825143,0.11954701766450317
2025-11-11,0.466239,530615420,4371220394.396078,0.12138839320027218
2025-11-12,0.435877,496277806,4488494597.495235,0.11056664884412325
2025-11-13,0.438355,499131931,4434121825.326989,0.11256612936276104
2025-11-14,0.448949,509867489,4332876631.038245,0.11767413024123546
2025-11-15,0.448446,511639959,4342799299.626504,0.1178134018406061
2025-11-16,0.447775,510782632,4305133393.1382885,0.11864501871512458
2025-11-17,0.441181,502340151,4179697187.958806,0.12018577624407344
2025-11-18,0.388055,441915459,4314745797.625585,0.10241981329309995
2025-11-19,0.389717,443565756,4279792223.774691,0.10364189026185572
2025-11-20,0.368036,419611347,4235212845.9407635,0.099076802574911
2025-11-21,0.315353,359152873,3980926606.91142,0.09021841105446723
2025-11-22,0.297032,338046947,3950618880.0938263,0.08556809888783083
2025-11-23,0.296421,337463732,4018043166.890509,0.08398708475328727
2025-11-24,0.30442,347080295,4265474858.8960624,0.08136967312704477
2025-11-25,0.307204,349716917,4111244600.0389895,0.08506351507197685
2025-11-26,0.299657,341649866,4141996901.7017446,0.08248433644642099
2025-11-27,0.302876,344932198,4186219664.1283655,0.0823970612330063
2025-11-28,0.288551,328865354,4212252994.7774177,0.07807350470347942
2025-11-29,0.290652,330763804,4205607252.2527447,0.07864828648058506
2025-11-30,0.270686,308192467,4213831298.8999705,0.07313830220978573
2025-12-01,0.273062,310984485,4075986489.073891,0.07629674088312768
2025-12-02,0.248798,283415533,4203730635.924752,0.06742000321760702
2025-12-03,0.253221,288485364,4368306643.461681,0.0660405478703731
2025-12-04,0.245971,280112933,4487352898.209519,0.062422755542976514
2025-12-05,0.26107,296664014,4466883676.439047,0.06641408988659796
2025-12-06,0.257225,293205374,4471620584.121488,0.06557027110957454
2025-12-07,0.279502,318154036,4471910329.587892,0.07114499454404745
2025-12-08,0.269752,307446194,4469005203.435081,0.06879521951858165
2025-12-09,0.266273,302940773,4529863014.200738,0.06687636514621
2025-12-10,0.274359,312397616,4520878920.845534,0.06910108000449892
2025-12-11,0.272551,310427341,4352460392.459844,0.07132226672017074
2025-12-12,0.269372,306791335,4496727517.705981,0.0682254670295234
2025-12-13,0.262341,298662795,4510748328.158882,0.06621136300945057
2025-12-14,0.272236,309833866,4487003784.259255,0.06905139395846296
2025-12-15,0.263251,299814900,4427703166.149262,0.06771341455139744
2025-12-16,0.262745,299815388,4504903976.793628,0.06655311401629344
2025-12-17,0.268145,307062095,4461300047.9569,0.0688279406673448
2025-12-18,0.273476,311319920,4187463030.63085,0.07434571188395639
2025-12-19,0.273114,310454534,4261389298.656957,0.07285289191903789
2025-12-20,0.317611,362939491,4259017333.1974072,0.0852167208081136
2025-12-21,0.325271,371059603,4249803168.2223716,0.08731218560298844
2025-12-22,0.346775,396261021,4159454964.9710426,0.0952675348902975
2025-12-23,0.331536,378811647,4598814084.496465,0.08237159407618823
2025-12-24,0.314691,361447331,4515990539.932472,0.08003722058403707
2025-12-25,0.308345,354462510,4491487069.918237,0.07891874216315013
2025-12-26,0.334195,383959041,4365929373.10762,0.08794440042137058
2025-12-27,0.339657,390553069,4368409078.109158,0.0894039596605382
2025-12-28,0.33718,387523002,4393966203.924276,0.08819435198520667
2025-12-29,0.325454,374274085,4348887548.271551,0.08606202870174323
2025-12-30,0.315958,363174666,4374501243.170682,0.0830208167312732
2025-12-31,0.326628,374218566,4586254062.484075,0.08159569027392918
2026-01-01,0.322159,346529367,4651003242.34617,0.074506369689219
2026-01-02,0.370388,398407588,4114427388.516313,0.09683184326256104
2026-01-03,0.368297,396158402,4128628732.83475,0.09595399044951043
2026-01-04,0.365807,393479459,4174155064.702463,0.0942656544619881
2026-01-05,0.375213,403597741,4319058531.146732,0.09344576788887432
2026-01-06,0.375859,404292035,4382423751.703773,0.092253067687218
2026-01-07,0.389412,418870021,4280908770.4656496,0.0978460517285067
2026-01-08,0.376085,404723029,4294457794.908361,0.09424310316423458
2026-01-09,0.385393,414739958,4149194075.4812865,0.09995675074608125
2026-01-10,0.389261,418902853,4133349940.241727,0.10134705724323494
2026-01-11,0.395885,426030775,4131132924.192984,0.10312686200559015
2026-01-12,0.4004,430890333,4292538030.927985,0.10038124994942624
2026-01-13,0.389315,418961175,4439905679.284566,0.09436262958349832
2026-01-14,0.398746,429129170,4413941269.38529,0.09722131397089542
2026-01-15,0.389135,418786433,4366051176.827481,0.09591880993577914
2026-01-16,0.377357,406110678,4366334469.915547,0.09300952109787752
2026-01-17,0.362285,389889849,4369410195.839012,0.08923168838011408
2026-01-18,0.36555,393403486,4387635023.972283,0.08966185287759822
2026-01-19,0.344503,370752732,4379927965.322453,0.08464813461211913
2026-01-20,0.357725,384983158,4273100482.940305,0.09009457173707613
2026-01-21,0.331905,357195380,4366327785.036768,0.0818068174414423
2026-01-22,0.338253,364027245,4340566312.9802065,0.0838663019411541
2026-01-23,0.332841,358202776,4357315941.546178,0.08220720755743341
2026-01-24,0.328267,353279944,4362480734.378551,0.08098143361779817
2026-01-25,0.334645,360144107,4336948026.237718,0.0830409091419118
2026-01-26,0.311355,335079347,4400610039.542253,0.07614384005606065
2026-01-27,0.342414,368504761,4490284197.836067,0.0820671353447044
2026-01-28,0.345289,373990483,4485238245.478567,0.08338252340932134
2026-01-29,0.3552,384730211,4444341371.319452,0.08656630507340617
2026-01-30,0.348275,377228618,4425337771.107303,0.08524289839815104
2026-01-31,0.332635,360289350,4420562122.929775,0.08150306227598365
2026-02-01,0.307192,332730464,4399105612.721326,0.07563593450400705
2026-02-02,0.295241,319786456,4435489252.845865,0.07209722259947333
2026-02-03,0.298267,323063975,4218910210.0618463,0.07657521940844153
2026-02-04,0.308,333606021,4049322940.408554,0.08238562987182767
2026-02-05,0.299088,323953125,3849064742.930783,0.08416411430724162
2026-02-06,0.257143,278520242,3920651359.8880568,0.07103927802648394
2026-02-07,0.284363,308004154,3908288280.2629747,0.0788079414600592
2026-02-08,0.282997,306523883,3949139790.4023857,0.07761788624068121
2026-02-09,0.284592,308251946,4045281623.9870424,0.0762003674038857
2026-02-10,0.281779,342678512,4050398607.5565395,0.08460365144326515
2026-02-11,0.273329,332403219,3793879770.4932504,0.08761564390765697
2026-02-12,0.271844,294455865,3766202718.406694,0.07818375350877838
2026-02-13,0.273393,296133957,3816286224.680519,0.07759741789933246
2026-02-14,0.28215,305619689,3875980970.3445206,0.07884963608911492
2026-02-15,0.289085,313131308,3857327661.0100255,0.08117830153894882
2026-02-16,0.269272,291670780,3858172088.728131,0.07559817791749952
2026-02-17,0.255841,277122332,3862519082.421258,0.07174652761230714
2026-02-18,0.249726,270498396,3834371031.9514146,0.0705457019537142
2026-02-19,0.240622,260636636,3847009177.164502,0.06775045860226055
2026-02-20,0.235633,255233419,3877224591.8173904,0.06582889718038315
2026-02-21,0.234887,254425182,3877519005.5393796,0.06561545710969593
2026-02-22,0.240202,260182627,3853961218.7190046,0.06751044243420813
2026-02-23,0.22214,240617964,3784790987.6989636,0.06357496749015679
2026-02-24,0.215734,233678648,3761996716.6358213,0.06211559062948038
2026-02-25,0.216956,235002479,3896848092.581494,0.060305783909662486
2026-02-26,0.233459,252878186,3849507950.0555873,0.06569104136967646
2026-02-27,0.24426,264577556,3801189504.234467,0.06960388470642273
2026-02-28,0.238576,258421036,3841166539.3474364,0.06727670705053636
2026-03-01,0.232952,252329229,3808868522.491518,0.06624781808822909
2026-03-02,0.235461,255047282,3887204283.392341,0.06561200889020982
2026-03-03,0.243474,263726877,3802623618.9486246,0.0693539259804306
2026-03-04,0.236782,256477634,3804022318.538621,0.06742274690400087
2026-03-05,0.251327,272232712,3744348906.1337204,0.0727049532040265
2026-03-06,0.245919,266374482,3714919583.091429,0.07170396990890776
2026-03-07,0.235255,254823431,3705802613.7707872,0.06876335778194835
2026-03-08,0.2308,249997761,3707622403.9101458,0.06742805328189475
2026-03-09,0.227501,246424262,3798840519.634231,0.06486828302645535
2026-03-10,0.230862,250064940,3940131305.0757284,0.06346614380030002
2026-03-11,0.233564,252992510,4066138735.8628974,0.06221935020776193
2026-03-12,0.232001,282142391,4132413288.1582723,0.06827545342778259
2026-03-13,0.249181,269908213,4215037788.3387766,0.06403458914335754
2026-03-14,0.257896,279348370,4243723209.355777,0.06582624648660976
2026-03-15,0.26686,289057453,4316115512.555811,0.0669716675003522
2026-03-16,0.2684,290726205,4392532369.122756,0.06618646843530528
2026-03-17,0.276906,299939592,4451949063.970051,0.06737264683179622
2026-03-18,0.264218,286195343,4297504464.584409,0.06659570580054687
2026-03-19,0.246767,267293675,4301693022.549471,0.06213685486129456
2026-03-20,0.248898,269601404,4353501235.183598,0.061927489952493434
2026-03-21,0.237635,257401525,4355419359.564099,0.05909913690280363
2026-03-22,0.24913,269852485,4176418933.5967145,0.0646133659698751
2026-03-23,0.243165,263391364,4174044064.447249,0.06310220015247486
2026-03-24,0.241263,261331771,4155860414.2989345,0.0628827113877175
2026-03-25,0.244142,264450105,4180853418.972506,0.06325266123895626
2026-03-26,0.243935,264225939,4687239625.022574,0.0563713315592922
2026-03-27,0.228873,247911340,4628510168.2887745,0.053561800878932996
2026-03-28,0.206329,223491144,4665752205.344384,0.047900345788617356
2026-03-29,0.206141,223287797,4628833102.669599,0.0482384635711369
2026-03-30,0.199755,216370430,4615744938.911337,0.04687660017258944
2026-03-31,0.200924,217490445,4668913155.824944,0.046582670900326896
2026-04-01,0.206414,223432237,4591531349.530182,0.04866181236524982
2026-04-02,0.211827,229291831,4043029947.8693748,0.05671286979232837
2026-04-03,0.209955,227265919,4043038154.7096257,0.0562116681326057
2026-04-04,0.207042,224112351,4052174628.268207,0.055306686300382796
2026-04-05,0.208946,226173469,4058742297.455781,0.0557250134214672
2026-04-06,0.20912,226361387,4141707685.4262037,0.05465411955472329
2026-04-07,0.217318,235235370,4186109245.4124026,0.05619427401656961
2026-04-08,0.225013,243565361,4134815207.649589,0.05890598461314388
2026-04-09,0.238221,257862734,4134719661.06614,0.06236522790846476
2026-04-10,0.232455,251620566,4128285726.7167225,0.06095037569023039
2026-04-11,0.231488,250574599,4137176258.8760896,0.060566575683693835
2026-04-12,0.235857,255303735,4096389185.606064,0.06232409164077696
2026-04-13,0.227588,246353052,4148092487.7963767,0.05938947907375904
2026-04-14,0.233735,253006562,4255982290.693366,0.059447277906502116
2026-04-15,0.220209,238364826,4349278270.772763,0.054805604783169745
2026-04-16,0.229642,248576423,4411075269.619565,0.056352795589778855
2026-04-17,0.243096,263138666,4274638393.9109235,0.0615581112954097
2026-04-18,0.24565,265903719,3930252814.2349715,0.06765562714869743
2026-04-19,0.24101,260880717,3682823390.196401,0.0708371511092438
2026-04-20,0.226193,244842209,3374779048.784001,0.07255058937509448
2026-04-21,0.228445,247280676,3329466264.6660256,0.07427036538086215
2026-04-22,0.231174,250234012,3263657169.014568,0.07667288536790644
2026-04-23,0.228392,253743336,3288669100.943659,0.07715684619264074
2026-04-24,0.230028,255560614,3167621424.5142894,0.08067902686293602
2026-04-25,0.234757,260815417,3170088946.365516,0.08227384827767151
2026-04-26,0.239423,265999008,3184041178.447565,0.083541321576027
2026-04-27,0.252,279971820,3148524993.1736565,0.0889215809329795
2026-04-28,0.244734,271899006,3322239068.4049,0.08184209516582029
2026-04-29,0.244798,271970674,3409310119.411752,0.07977293483847878
2026-04-30,0.238406,264869536,3417600465.288843,0.07750160929873767
2026-05-01,0.238222,264664884,3750454354.161318,0.07056875221167297
2026-05-02,0.244736,271901765,3780463319.720212,0.07192286817905778
2026-05-03,0.249115,276766820,3789376275.555894,0.0730375660462483
2026-05-04,0.249289,276960290,3823769217.482626,0.07243122538193779
2026-05-05,0.250556,278367262,3826198829.7043567,0.07275295257499959
2026-05-06,0.25644,284905221,3819336567.312217,0.07459547384180819
2026-05-07,0.250332,278118454,3784755658.61707,0.07348385974845811
2026-05-08,0.241824,268666690,3827744440.128294,0.07018929664776553
2026-05-09,0.254123,282330218,3846549701.4960146,0.07339830235137611
2026-05-10,0.254058,282258338,3900933385.67159,0.07235661573631462
2026-05-11,0.257392,285962125,3949420497.8741655,0.07240609733856483
2026-05-12,0.254226,282444773,3948170078.402359,0.0715381473926504
2026-05-13,0.242327,269225490,3801707748.193449,0.07081698747830747
2026-05-14,0.232656,258481094,3881662188.1009603,0.06659031143729116
2026-05-15,0.238696,265191242,3933312843.848468,0.06742185341670641
2026-05-16,0.22462,249552835,3898662740.2848086,0.06400985456407277
2026-05-17,0.215536,239460757,3897600085.434354,0.06143800075715417
2026-05-18,0.206852,229812896,3858479746.111308,0.059560477473443355
2026-05-19,0.209345,232581964,3840970056.324541,0.06055292298283621
2026-05-20,0.20898,232177235,3766933648.6603727,0.06163560515130622
2026-05-21,0.205943,228803024,3774771238.5813603,0.060613745718267435
2026-05-22,0.206324,229225849,3726180211.3420777,0.061517649710623776
2026-05-23,0.198807,220874114,3749925324.4097514,0.05890093665658961
2026-05-24,0.199351,221479342,3756697551.434445,0.05895586188870357
2026-05-25,0.191018,212220493,3759278224.4082203,0.05645245718236442
2026-05-26,0.200413,222658530,3866486855.4759603,0.0575867805381666
2026-05-27,0.19446,216045095,3845568624.6336327,0.056180272955233666
2026-05-28,0.176569,196168602,3858557284.7238793,0.050839883284002595
2026-05-29,0.163441,181582651,3883696381.8362064,0.046755109861123585
2026-05-30,0.164216,182690257,3892584836.4167595,0.0469328902714865
2026-05-31,0.159312,177234444,3883062221.757696,0.045642957510934126
2026-06-01,0.157508,175345210,3810171878.2409883,0.04602028874375878
2026-06-02,0.15531,172898387,3752232591.345585,0.04607880316342465
2026-06-03,0.136054,151461501,3697425793.805806,0.040964040780409765
2026-06-04,0.139912,155756466,3661753869.54253,0.04253602823923798
2026-06-05,0.137363,152918792,3627674222.176092,0.042153397089849574
2026-06-06,0.125895,140152701,3578044001.2032256,0.039170200520974426
2026-06-07,0.131034,145873489,3639868953.8684096,0.040076577164946385
2026-06-08,0.131284,146152280,3683485779.594376,0.03967770985017736
2026-06-09,0.130584,145372933,3626626270.105803,0.04008489493342773
2026-06-10,0.13012,144867102,3651863455.216223,0.039669364360563855
2026-06-11,0.130141,144891346,3710943018.295699,0.03904434675651347
2026-06-12,0.133678,148828299,3988177855.3591723,0.037317367579284305
2026-06-13,0.130387,145164589,3997789335.9740396,0.03631121522430882
2026-06-14,0.130921,145758952,4020796761.357272,0.03625126079508609
2026-06-15,0.143529,159796390,4093896299.8711576,0.03903283774066996
2026-06-16,0.144737,161140899,3998601369.486166,0.04029931571316076
2026-06-17,0.143198,159428139,3942609929.8500223,0.04043720830532801
2026-06-18,0.141677,157734110,3959512151.3068295,0.03983675361317938
2026-06-19,0.135884,151285154,3970725222.0358152,0.03810013172415773
2026-06-20,0.135084,150394368,4028542443.6927004,0.03733220391793697
2026-06-21,0.13707,152604867,4001119296.654651,0.038140544104144414
2026-06-22,0.133451,148575762,3992947423.030444,0.037209546297316015
2026-06-23,0.140597,156532391,3985889863.2702475,0.039271629766401035
2026-06-24,0.132304,147299150,3885256168.255854,0.03791233926954285
2026-06-25,0.12558,139813001,3909436746.1364264,0.03576295258854688
2026-06-26,0.12128,135025085,4360676972.378424,0.030964248408052546
2026-06-27,0.133365,165996422,4365362144.747467,0.038025807824382175
2026-06-28,0.142265,177074426,4317241350.971996,0.04101564207433827
2026-06-29,0.138232,172053999,4597286628.2126875,0.037425118969989124
2026-06-30,0.143854,160086004,4610949561.743835,0.03471866301210555
2026-07-01,0.136868,152311281,4693672334.51825,0.03245034381285436
2026-07-02,0.149632,166515776,4754342515.035366,0.03502393348257984
2026-07-03,0.157634,175420748,4453674048.3605385,0.03938787304485718
2026-07-04,0.157861,175673832,4482532564.134078,0.039190754219079756
2026-07-05,0.160239,178320365,4511124909.162605,0.03952902404404967
2026-07-06,0.167439,186331869,4181875211.254093,0.04455701320272571
2026-07-07,0.175743,195573380,4204502347.820348,0.04651522673102728
2026-07-08,0.17532,195102659,4179765725.6198063,0.04667789340539385
2026-07-09,0.166746,185560664,4453050301.835313,0.04167046213772202
2026-07-10,0.162169,201847813,4467515609.93266,0.0451812216506262
2026-07-11,0.186372,231973273,4475336482.522102,0.05183370544448316
2026-07-12,0.191473,238322360,4470619245.946315,0.05330857916743775
2026-07-13,0.188925,235150629,4423657042.305713,0.053157518033412926
2026-07-14,0.189232,235532857,4542847350.705903,0.051846967070861644
2026-07-15,0.191327,238140203,4537704294.4586735,0.0524803265146234
2026-07-16,0.189871,236327603,4533390834.563236,0.052130427669770656
2026-07-17,0.184039,229069540,4420972692.32356,0.05181428521324035
2026-07-18,0.18618,231733785,4450427017.416597,0.05207001128051703
2026-07-19,0.177933,221469285,4447068629.966469,0.04980118442689064
2026-07-20,0.180696,224908637,4461925891.979459,0.050406179404343054
2026-07-21,0.188491,234609953,4513069998.288655,0.05198455886768065
2026-07-22,0.183013,227792099,4433500751.971863,0.05137973618222264
2026-07-23,0.180312,224429838,4383903759.528138,0.051194061345944446
2026-07-24,0.177635,221097803,4293151907.0499434,0.05150011175633621
2026-07-25,0.172225,214364824,4306036540.1643715,0.04978239780376253
