borrower_,openterm_revenue,revenue_share,cumulative_share
0x2570faf7c8a0da87d3f123b35cc722ec3fcc3e08,1428266.12588,0.1400502675632415,0.1400502675632415
0xb62446a8981e7afc02094eac3140ffecea54d505,1047493.6920759999,0.1027131913218651,0.24276345888510656
0x282b6ccac8b7e062b73bbf0369e8cef9a895b30c,987079.0315770002,0.09678916272921458,0.33955262161432115
0x8669f3189ea2318d28c7183a971d65e0c352f1e9,887964.189079,0.08707034355412499,0.4266229651684461
0x028ffcff8c8d9c0e75186f62ff483addbbc50075,780944.3683420001,0.07657639270196688,0.503199357870413
0x198aec3c39578d5a08c3a4304b63ad65440c529a,534139.92008,0.05237570041600042,0.5555750582864134
0xb99a2c4c1c4f1fc27150681b740396f6ce1cbcf5,456127.30264300003,0.04472608404032045,0.6003011423267338
0x7e4ddc091f1d208e2345080e169ed4be0a1ce0ad,396725.40261100006,0.03890136283290487,0.6392025051596387
0xd0e4294cb52c04a03172da908f4d6c4ce4b18299,375355.75627500005,0.03680593773469731,0.676008442894336
0x0767bfa64760eb8e176184241522c1fedeb4e3d4,273706.831471,0.026838636222491517,0.7028470791168275
0x39a578443e2e81190c75a605aca1b2c38ee5c406,248546.1634750766,0.02437147816206503,0.7272185572788926
0x7f660a4d002494850da57b7fe6e4eb81b7914c0e,238900.80003,0.023425691024254566,0.7506442483031471
0x1d6c52631df36fbd699141f11a4cdc0d08baf176,197651.142443,0.019380908698837417,0.7700251570019846
0x9c7fc6916095d6492fa9fc388e633f7bce3aa9ef,164400.966905,0.016120524729601637,0.7861456817315862
0xa42f7168d19c9d94e50e5c778e13e3195ce9126b,136009.957804,0.013336611879651749,0.7994822936112379
0x4bacce55f0991cfc4d919f7f50edb8be028e37df,130489.878625,0.012795334205987881,0.8122776278172258
0xc938ba7c04e43d528f987a3c297f1526dcb95ee8,121624.224045,0.011926002312194444,0.8242036301294202
0x31d9844dfb30c68c67a3a471bba52242b639b675,116489.490226,0.01142251011827722,0.8356261402476975
0x1fcc47ee0f19ca0f07f8b987f0ad32ac204c03a7,116189.48951599999,0.011393093205740156,0.8470192334534377
0x09b845bbe555eaee93d9ed882964ee0371286b8a,114987.009132,0.01127518261718301,0.8582944160706206
0x171c53d55b1bcb725f660677d9e8bad7fd084282,114343.185897,0.01121205179394821,0.8695064678645688
0x49ec042fd777fddf90a249f1194d3e124d49867f,89639.55018000002,0.008789708556045654,0.8782961764206144
0xa971f820fcd1e0166d8bb64f254a8aed6f295643,88204.03314199999,0.008648947292006274,0.8869451237126207
0x562bcf627f8dd07e0bc71f82f6fcb60737f87e07,81890.26609900001,0.008029843647607154,0.8949749673602279
0x50b82f42d51d875b1bfdd946ad27aee2a6b1ab41,74647.16513099999,0.007319613102910188,0.9022945804631382
0x707a141c5c19c25e2e6d50b214e39a4293b63234,66333.577096,0.006504414725230442,0.9087989951883686
0x9feffda7cd7f76eaa43f66a2bb68d451c5febe7a,60627.099532,0.005944859544861359,0.91474385473323
0x6ce0e54143571925aea19f88b47b370d3ecc11b2,58070.456615,0.0056941650012454735,0.9204380197344755
0xcc6fdc62c54294fc1df9e06961f26f037853f2ee,53386.454233,0.0052348697935951614,0.9256728895280706
0xda28e780472b5754a1144bce6e83af06a33107d2,48097.27579700001,0.004716233356218951,0.9303891228842895
0x71e6686f6267b454dbdf6db3399e7d6ced2b5313,46105.62174999999,0.004520939442065588,0.9349100623263552
0xb32dd55d4ff63e39c304b00e069fbaefe885f0fb,40594.107783,0.003980501640054911,0.9388905639664102
0xc65c992cf63ad155737ef9175e98abb8612017fc,40551.877357000005,0.003976360687361683,0.942866924653772
0xc6877a65349b0fa45cc61a267ee682c7abf2b369,36605.288006,0.003589373357371454,0.9464562980111435
0x37829fe9b8e67b8267c2058b9459f524b9e3ca5d,34887.664663999996,0.0034209498372296757,0.9498772478483731
0x58b5b6949580912746e5303cb4e3dfc1ff585491,34870.920848999995,0.00341930800331071,0.9532965558516838
0x6c806a5f682243e5171a63bf49aa58b4153f93ac,34181.610407,0.0033517168799990405,0.9566482727316828
0x75a8153fac4b8dece1a6b2d84a7ccd76bb33bc1e,26992.286908,0.002646759546495603,0.9592950322781786
0x6d7774ca8c41d614fee0e0c91a206fa2a10f8264,25484.524799000006,0.0024989142094390634,0.9617939464876176
0xa92a577b9dfa37464fcad545c5d5737c19a3c8f7,25162.138026000004,0.0024673022059059813,0.9642612486935237
0xd8495b95a3a6a85f4e3baa003e8b7ed1ed85562d,24872.63388,0.002438914545950112,0.9667001632394739
0x5420506713475e08fee8293c988220582597ae22,24763.116152,0.002428175659946029,0.9691283388994198
0xe4ab1f386c44ff7a88c5741c909b8c0a2aac50bb,24428.488265,0.0023953633399873817,0.9715237022394073
0x85a5891699e5e95d02740fb09be0241d5a400dc7,22166.216041,0.002173533651156192,0.9736972358905636
0xf56966b760776a4503d40605cf197f743537e421,20809.826382,0.0020405313127117917,0.9757377672032753
0x7642e44c3701db847b5f866d71d977bdab757ef2,20355.067066,0.001995939368165438,0.9777337065714409
0xfd8b62d6fddafc683b5b04690bae461841425d68,19947.953585000003,0.001956019390431931,0.9796897259618729
0xc46ae64d2be50ddec5fb2140737df1a37137b46e,18385.736938000002,0.0018028344514071414,0.9814925604132799
0x615803c1ab56b5b1314d9a7728729f840e7a51cf,18273.715807,0.0017918500913603602,0.9832844105046403
0xed0c6079229e2d407672a117c22b62064f4a4312,15743.089063,0.0015437065933259664,0.9848281170979664
0x1d0a7edfbc5a1fec1a12cc9c7ff3b673534f6693,15059.882295,0.001476713972745216,0.9863048310707114
0x01c9a9d81db68aec751f30f097d754cd5215d8c3,14256.61001,0.0013979481906532599,0.9877027792613647
0xeb77115eabb4b7fe5cb696a7687ca771f557b1e6,12008.809369,0.0011775375294349843,0.9888803167907997
0x249b9421d1872ce1b9549a4e0570d85be22b5805,11281.068653000002,0.0011061780816782377,0.9899864948724779
0x51b772d972424bfc358dd24a1662770bf0631059,8959.991796,0.0008785822373411653,0.9908650771098191
0x54c21114f77a2e497c12c8da84b2d118590f83bf,8506.289976,0.0008340939867738699,0.9916991710965931
0xc24b928b8f28ec560200bd46bfb84c1b7ae8f4a5,7486.339177,0.0007340815453156781,0.9924332526419087
0x94685f09dae5ee12937889db94883d6d95f8a6be,6509.2892360000005,0.0006382757965268169,0.9930715284384355
0xe4da271bd3e6d5c7ca159cfb733075d5be305238,6297.027358,0.0006174622154520293,0.9936889906538875
0xbde2ddc49a2e6827300faa6afc93d572114a60b1,5805.1436889999995,0.0005692300000369961,0.9942582206539243
0x14968d8b4eb966848ff78e9c17f65e9f1afbb820,5792.141928,0.0005679550975003829,0.9948261757514247
0xa989f388644d466fc57e79c149ab7a6cbb9816f3,5546.382697,0.0005438568951877851,0.9953700326466125
0xee9d1874b35d40fb13e8a8e6093521f7947d5345,5064.913598,0.0004966458923385526,0.995866678538951
0x7eacd3b096cc43a433db0e60a8007cd60c0f26f3,5061.2251559999995,0.0004962842179421419,0.9963629627568931
0x212ac61a1faf46af2fb798c5a6afdb70735bab94,3514.2388659999997,0.0003445927089821589,0.9967075554658752
0x72d878e93c16efa30b5c224792f4369e301c7465,3401.73837,0.0003335613442523613,0.9970411168101275
0x817a95e1a7712619d8e29d34d36a90a9d867f440,3386.6660930000003,0.00033208341490264945,0.9973732002250301
0xb6ed4b505c2d29cffdf423e6e63ad539d242892e,3328.886484,0.0003264177692967483,0.9976996179943269
0x3775a01fe8eccc60587ab087963e876c5c9395c8,2578.649429,0.0002528524173047511,0.9979524704116317
0x2e9e44852ffb2a9edb5cb15262d31da9b2aa189d,2346.461186,0.00023008493373291076,0.9981825553453646
0x319763bf57f2218a5e7fd60a9ccb56fdbb3c7953,2252.996604,0.0002209201573095243,0.998403475502674
0xa08238045fb7d579464f848ba8a3c67006395708,2235.119355,0.0002191671832241086,0.9986226426858982
0xba474ab1642101968633525fb117fa12c5bcb4e6,2075.043917,0.00020347080317561434,0.9988261134890738
0x52fba7658fdcfd62e91c56c3acedef489a5ce213,2063.39986,0.00020232903185665453,0.9990284425209305
0x0206c3418b0504b8413f61ec5af57d3cac814e21,2048.5658120000003,0.0002008744623238471,0.9992293169832542
0xbccbc9fc2d1d9e9abd0ca132be816bd4f6051b86,1941.963534,0.0001904214541020408,0.9994197384373563
0x1778767436111ec0adb10f9ba4f51a329d0e7770,1664.6927230000001,0.00016323334779300022,0.9995829717851493
0xe22ea5b777f20ffb64e1516661ace5c4e9a1f23d,1199.9416840000001,0.00011766165342676902,0.9997006334385761
0x0827ed2aadb0915feafed8d13587ffb5712b45bc,611.259693,5.993776790199349e-05,0.9997605712064781
0x7df1933bdfeedbe0a7206cc191ccdc953c4dcfe8,594.278288,5.827263682399887e-05,0.9998188438433021
0xc7b63ad21714d630595e1c8b60e807cd4db4076e,433.832092,4.253990167601692e-05,0.9998613837449781
0x8fee157cb621ac7484f8b218edd1c14ce8722628,385.80571399999997,3.7830620284323046e-05,0.9998992143652624
0xa1bae71019af77f24ec8ed976c4b36d56127bc4b,331.310644,3.2487043904483316e-05,0.999931701409167
0xa0a9e03a74055ea59bf9a8384b52eaf5a0a4fa54,320.490362,3.1426048784770555e-05,0.9999631274579517
0x4c78a97cef589b01bb91dbf893fffa14243d2444,307.508011,3.0153049517893964e-05,0.9999932805074696
0xdfa1ec51e7da26e08996d62180d68344454a3cca,43.590349,4.274301497463361e-06,0.9999975548089671
0x8df6721f643e796c456ee080929e01c7f18e6122,20.947985,2.0540786139230044e-06,0.9999996088875811
0x338220179a129b5be38dbaed6cd2ef9754089b5c,3.0908759999999997,3.030793792284976e-07,0.9999999119669604
0xa1ca50c6adf6579e26f70b0f9c16b062f5f618ca,0.897782,8.803304022630447e-08,1.0000000000000004
0x640c600b3a438d997ec6928ac66c40902a908456,0,0,1.0000000000000004
0x45cdd67401b7d3c859de2d36009653f35e776461,0,0,1.0000000000000004
0x1d2ff7043774ef0d63d7eac4cc9191a609f7354a,0,0,1.0000000000000004
