month,type,inflow
2023-01-01 00:00:00.000 UTC,returning,2159980.06
2023-01-01 00:00:00.000 UTC,new,10
2023-02-01 00:00:00.000 UTC,new,3000000.000007
2023-03-01 00:00:00.000 UTC,returning,3887000.802947
2023-03-01 00:00:00.000 UTC,new,3254000
2023-04-01 00:00:00.000 UTC,returning,8000
2023-04-01 00:00:00.000 UTC,new,300000
2023-05-01 00:00:00.000 UTC,new,2010010
2023-05-01 00:00:00.000 UTC,returning,2267807.906773
2023-06-01 00:00:00.000 UTC,returning,10491556.618138999
2023-06-01 00:00:00.000 UTC,new,5457086
2023-07-01 00:00:00.000 UTC,new,100
2023-07-01 00:00:00.000 UTC,returning,7584045.686522
2023-08-01 00:00:00.000 UTC,new,4591013.4799999995
2023-08-01 00:00:00.000 UTC,returning,8928125.949415
2023-09-01 00:00:00.000 UTC,returning,8981573.608843
2023-09-01 00:00:00.000 UTC,new,3336969.467456
2023-10-01 00:00:00.000 UTC,new,10666955.828873001
2023-10-01 00:00:00.000 UTC,returning,20144154.731216
2023-11-01 00:00:00.000 UTC,new,6077306.373910001
2023-11-01 00:00:00.000 UTC,returning,9549888.822833
2023-12-01 00:00:00.000 UTC,new,2690359.3417309998
2023-12-01 00:00:00.000 UTC,returning,4190386.437566
2024-01-01 00:00:00.000 UTC,returning,9566718.243981
2024-01-01 00:00:00.000 UTC,new,612000
2024-02-01 00:00:00.000 UTC,new,1225690.798436
2024-02-01 00:00:00.000 UTC,returning,1166194.839091
2024-03-01 00:00:00.000 UTC,returning,7329867.33264
2024-03-01 00:00:00.000 UTC,new,5514980.44868
2024-04-01 00:00:00.000 UTC,new,181829.13545200002
2024-04-01 00:00:00.000 UTC,returning,8695318.007357
2024-05-01 00:00:00.000 UTC,returning,18596500.991233
2024-05-01 00:00:00.000 UTC,new,6414228.2485
2024-06-01 00:00:00.000 UTC,new,4778586.031283999
2024-06-01 00:00:00.000 UTC,returning,13885916.607475
2024-07-01 00:00:00.000 UTC,new,9286283.015456002
2024-07-01 00:00:00.000 UTC,returning,13258670.699824998
2024-08-01 00:00:00.000 UTC,new,15031125.478268001
2024-08-01 00:00:00.000 UTC,returning,20831971.29265499
2024-09-01 00:00:00.000 UTC,new,16141452.622557998
2024-09-01 00:00:00.000 UTC,returning,32853535.707106
2024-10-01 00:00:00.000 UTC,returning,40712385.69643197
2024-10-01 00:00:00.000 UTC,new,31141210.528254014
2024-11-01 00:00:00.000 UTC,new,27488284.737145
2024-11-01 00:00:00.000 UTC,returning,37570444.462335005
2024-12-01 00:00:00.000 UTC,new,7626555.431831
2024-12-01 00:00:00.000 UTC,returning,22042305.100465
2025-01-01 00:00:00.000 UTC,new,18629936.783940006
2025-01-01 00:00:00.000 UTC,returning,25034962.780456
2025-02-01 00:00:00.000 UTC,returning,51168553.84306097
2025-02-01 00:00:00.000 UTC,new,16115237.754055005
2025-03-01 00:00:00.000 UTC,returning,98176369.68883799
2025-03-01 00:00:00.000 UTC,new,22296044.844825
2025-04-01 00:00:00.000 UTC,new,32773929.268701993
2025-04-01 00:00:00.000 UTC,returning,221370926.482992
2025-05-01 00:00:00.000 UTC,returning,285033179.63194
2025-05-01 00:00:00.000 UTC,new,113474609.94340499
2025-06-01 00:00:00.000 UTC,new,44535940.34783599
2025-06-01 00:00:00.000 UTC,returning,541356660.753025
2025-07-01 00:00:00.000 UTC,new,74001124.13841897
2025-07-01 00:00:00.000 UTC,returning,145004015.39593592
2025-08-01 00:00:00.000 UTC,returning,430174235.54729
2025-08-01 00:00:00.000 UTC,new,15443776.102878995
2025-09-01 00:00:00.000 UTC,returning,579164960.2404369
2025-09-01 00:00:00.000 UTC,new,32574390.955905985
2025-10-01 00:00:00.000 UTC,returning,909494299.2820312
2025-10-01 00:00:00.000 UTC,new,97838405.52595402
2025-11-01 00:00:00.000 UTC,returning,749235842.9693466
2025-11-01 00:00:00.000 UTC,new,95193708.44146396
2025-12-01 00:00:00.000 UTC,returning,936391106.122586
2025-12-01 00:00:00.000 UTC,new,156759456.04105002
2026-01-01 00:00:00.000 UTC,new,52963979.072664
2026-01-01 00:00:00.000 UTC,returning,1143909879.9079719
2026-02-01 00:00:00.000 UTC,new,142034272.52588698
2026-02-01 00:00:00.000 UTC,returning,738041354.1976147
2026-03-01 00:00:00.000 UTC,returning,1253683114.9142036
2026-03-01 00:00:00.000 UTC,new,98968897.0853481
2026-04-01 00:00:00.000 UTC,returning,1014984641.8552467
2026-04-01 00:00:00.000 UTC,new,53042699.94423104
2026-05-01 00:00:00.000 UTC,returning,598090719.875359
2026-05-01 00:00:00.000 UTC,new,29969014.991556995
2026-06-01 00:00:00.000 UTC,returning,338647264.564698
2026-06-01 00:00:00.000 UTC,new,22178834.399898008
