month,deposits_usd,deposits_mom_chg,deposits_mom_growth,outstanding_usd,outstanding_mom_chg,outstanding_mom_growth,aum_usd,aum_mom_growth
2022-12-01,39799056.12399344,,,2400,,,39799056.12399344,
2023-01-01,39133302.98385805,-665753.1401353925,-0.016727862541796146,2162390.06,2159990.06,899.9958583333333,39133302.98385805,-0.016727862541796146
2023-02-01,15060375.8501626,-24072927.13369545,-0.6151519370502716,8263064.462099999,6100674.402099999,2.8212645419300526,15060375.8501626,-0.6151519370502716
2023-03-01,14447531.197611572,-612844.652551027,-0.04069252046883087,11815064.462100001,3552000.000000002,0.4298647331497747,14447531.197611572,-0.04069252046883087
2023-04-01,14285863.637162503,-161667.56044906937,-0.01118997829025592,12213065.2621,398000.7999999989,0.033685876304500484,14285863.637162503,-0.01118997829025592
2023-05-01,23268113.843126245,8982250.205963742,0.6287509410770087,18030883.162100002,5817817.900000002,0.4763601745463568,23268113.843126245,0.6287509410770087
2023-06-01,34592596.07105798,11324482.227931738,0.48669532495334433,30360850.6821,12329967.52,0.6838249357589408,34592596.07105798,0.48669532495334433
2023-07-01,35884258.4205333,1291662.3494753167,0.037339271872572466,33654968.56210001,3294117.8800000064,0.1084988663358546,35884258.4205333,0.037339271872572466
2023-08-01,53469026.93180776,17584768.511274457,0.4900412962473899,51011886.029008016,17356917.466908008,0.5157312042910127,53586405.15599976,0.4933123189564683
2023-09-01,62077464.79883199,8608437.867024235,0.160998588547405,60483197.89886509,9471311.869857073,0.185668725607816,81474954.30252299,0.5204407548021668
2023-10-01,70600649.37962903,8523184.580797039,0.13729917303190842,69342209.13,8859011.231134906,0.14647061562366792,110059273.66999625,0.350835660015683
2023-11-01,78458817.99762645,7858168.617997423,0.111304480724292,75421089.68,6078880.550000012,0.0876649392378539,135503764.44091862,0.23118897592596888
2023-12-01,72333467.51699862,-6125350.480627835,-0.07807089931960409,67523843.77000001,-7897245.909999996,-0.10470872197029757,113588966.20187262,-0.16172833521980223
2024-01-01,74043277.41158849,1709809.8945898712,0.023637880959986646,71783230.25,4259386.479999989,0.06307973957330293,125585991.2086235,0.10561787300211467
2024-02-01,72775726.67600234,-1267550.7355861515,-0.017119052261019507,59657656.31,-12125573.939999998,-0.16891931301740215,124987241.59791233,-0.004767646494237776
2024-03-01,79775125.3625756,6999398.686573267,0.09617765436729475,78127539.7597,18469883.449699998,0.3095978721276722,140329502.9714256,0.12275061980221769
2024-04-01,86338334.61499587,6563209.2524202615,0.08227137497547843,84879514.94092101,6751975.181221008,0.0864224728180143,142554327.92294827,0.015854292250829793
2024-05-01,117525813.29775527,31187478.682759404,0.36122400115582654,116284113.77047534,31404598.829554334,0.3699903192356011,215063141.0914985,0.5086398583965954
2024-06-01,129867409.94948769,12341596.651732415,0.10501179532758975,126257163.55349582,9973049.783020481,0.08576450780461342,240291755.93383926,0.11730794367783948
2024-07-01,160792570.57159317,30925160.62210548,0.23812872401269813,158470597.88327172,32213434.3297759,0.25514143849847293,317913804.3169189,0.3230325072178162
2024-08-01,179659372.70991135,18866802.13831818,0.11733628034709298,174120543.35601953,15649945.472747803,0.09875614582003056,340496560.42369676,0.0710342105316879
2024-09-01,216597292.72220257,36937920.01229122,0.20559973829995148,212259924.26649243,38139380.9104729,0.21904009817204817,436813499.5259069,0.2828719884346502
2024-10-01,261926746.5202827,45329453.79808012,0.20927987246921664,256804260.64690846,44544336.380416036,0.20985749681362642,563330063.536958,0.2896351970540405
2024-11-01,248885259.28068197,-13041487.239600718,-0.0497905899754717,246428695.4959215,-10375565.15098697,-0.04040262075422807,574987514.469913,0.020693819995620144
2024-12-01,231278805.82330588,-17606453.457376093,-0.0707412464211884,225041792.415567,-21386903.080354482,-0.08678738909571693,529099403.022206,-0.07980714414296752
2025-01-01,238596355.65618727,7317549.832881391,0.031639517537425776,235007744.37106052,9965951.95549351,0.04428489414575121,562145450.6006553,0.06245716285010139
2025-02-01,234319456.11373958,-4276899.542447686,-0.01792525091460584,232381188.5485695,-2626555.82249102,-0.01117646496935809,601175032.2317116,0.06942968512749315
2025-03-01,296295028.58220434,61975572.46846476,0.26449179038031567,285981783.39543796,53600594.846868455,0.23065806308011672,753954912.7918625,0.2541354387140695
2025-04-01,417420953.81286407,121125925.23065972,0.4088017467260827,375586096.35499996,89604312.959562,0.3133217504125523,1101362963.1616268,0.4607809359359796
2025-05-01,729002570.1211721,311581616.308308,0.746444598581399,493284100.58500004,117698004.23000008,0.3133715687887264,1717397365.0185065,0.5593382222409777
2025-06-01,1057818317.0562398,328815746.9350678,0.4510488171261362,744415719.715,251131619.13,0.5091013856562083,2404512450.6251345,0.400090916407819
2025-07-01,1019140413.491876,-38677903.56436384,-0.036563843658898865,980609427.815,236193708.10000002,0.3172873729620149,2800611618.0427814,0.16473159343161958
2025-08-01,1186151864.9402246,167011451.44834864,0.1638748196395412,1055523325.895,74913898.07999992,0.07639524560448452,3130966591.8218894,0.11795815301586798
2025-09-01,1574379343.2649024,388227478.3246777,0.32729997717808423,1316232027.2649999,260708701.3699999,0.24699473235130975,3852420740.659915,0.23042537429893684
2025-10-01,2185173205.5300016,610793862.2650993,0.3879585087787374,1386503398.52,70271371.25500011,0.053388285499340826,4522192865.84317,0.17385747047673816
2025-11-01,1980209760.4042094,-204963445.12579226,-0.09379734503749759,1317875527.8,-68627870.72000003,-0.04949708078123405,4195578139.2279654,-0.07222485557442204
2025-12-01,2103043265.3029044,122833504.89869499,0.06203055219444109,1622578121.1499999,304702593.3499999,0.23120741445032844,4568728592.219324,0.08893898304561731
2026-01-01,2412440060.611538,309396795.30863357,0.14711860683668365,1322973036.1,-299605085.04999995,-0.18464755634548757,4404934530.883081,-0.035851125325148114
2026-02-01,2436174834.9907317,23734774.379193783,0.009838492888058381,849713635.028,-473259401.0719999,-0.3577241471731911,3827737155.1053624,-0.13103426889343694
2026-03-01,2872375655.224101,436200820.23336935,0.17905152535369195,1186713635.028,337000000.0000001,0.3966042041786175,4655286704.896133,0.216198112946967
2026-04-01,1704174058.5280786,-1168201596.6960225,-0.40670223428866936,1086014439.028,-100699196,-0.08485551444567674,3402352762.422089,-0.269142165004851
2026-05-01,1861707647.4551141,157533588.92703557,0.09243984682122197,1364613402.368,278598963.3399999,0.256533387888793,3868281481.9315414,0.13694309557065565
2026-06-01,1915262115.2410228,53554467.7859087,0.028766314549502736,1431163520.2380002,66550117.870000124,0.04876847739771306,3980172249.246178,0.028925187537998553
