month,management_fees,service_fees,strategy_fees,otc_fees,total_protocol_revenue
2023-06-01 00:00:00.000 UTC,203.42988300000002,0,0,0,203.42988300000002
2023-07-01 00:00:00.000 UTC,1873.460509,0,0,0,1873.460509
2023-08-01 00:00:00.000 UTC,2383.4691700000003,0,0,0,2383.4691700000003
2023-09-01 00:00:00.000 UTC,5493.217927,2939.558542,0,0,8432.776469
2023-10-01 00:00:00.000 UTC,10523.435609,5640.418369,0,0,16163.853978
2023-11-01 00:00:00.000 UTC,16812.876249999998,16373.904637000001,0,0,33186.780887
2023-12-01 00:00:00.000 UTC,15565.708095,13486.905926,0,0,29052.614021
2024-01-01 00:00:00.000 UTC,16259.613523999999,13309.625902000002,0,0,29569.239426
2024-02-01 00:00:00.000 UTC,20079.939196999992,21964.396201999996,0,0,42044.33539899999
2024-03-01 00:00:00.000 UTC,23970.509411000003,18760.47845,0,0,42730.987861
2024-04-01 00:00:00.000 UTC,20150.18018502483,16140.091072560497,0,0,36290.27125758533
2024-05-01 00:00:00.000 UTC,27817.935749409888,13224.965074036292,0,24000,65042.90082344618
2024-06-01 00:00:00.000 UTC,34473.066850500116,20920.413824636435,0,63949.43000000001,119342.91067513655
2024-07-01 00:00:00.000 UTC,42325.24459753879,21021.696492053812,0,154184.37,217531.31108959258
2024-08-01 00:00:00.000 UTC,49619.10647288572,22540.24435720347,0,187366.95,259526.30083008923
2024-09-01 00:00:00.000 UTC,48067.79939817692,21696.844393107218,0,242598.61,312363.2537912841
2024-10-01 00:00:00.000 UTC,73612.94588400003,50484.275370999996,0,192048.65999999997,316145.881255
2024-11-01 00:00:00.000 UTC,80821.60903599569,51761.7633416264,0,151832.41999999998,284415.79237762204
2024-12-01 00:00:00.000 UTC,69436.27694833878,36652.56500212417,0,137141.68,243230.52195046295
2025-01-01 00:00:00.000 UTC,92046.40983996994,47082.685136289496,0,189325.03,328454.1249762594
2025-02-01 00:00:00.000 UTC,85445.73044154044,42872.78663978002,0,158484.44,286802.95708132046
2025-03-01 00:00:00.000 UTC,57955.406671117395,47879.51560099049,0,193477.75,299312.6722721079
2025-04-01 00:00:00.000 UTC,62941.85834245296,50056.25293794077,6134.126083,451861.41,570993.6473633937
2025-05-01 00:00:00.000 UTC,130398.0318213821,89305.51441588774,33764.28641899999,709196.4,962664.2326562699
2025-06-01 00:00:00.000 UTC,160949.08349590687,108016.60906714936,81090.184394,812990.04,1163045.9169570564
2025-07-01 00:00:00.000 UTC,276885.7743606944,179261.17952942324,44602.907814000006,585000,1085749.8617041179
2025-08-01 00:00:00.000 UTC,283966.07302104775,196052.7586970457,23084.59929700001,700000,1203103.4310150936
2025-09-01 00:00:00.000 UTC,318127.0120699648,210015.91554191892,53666.05632599999,660000,1241808.9839378837
2025-10-01 00:00:00.000 UTC,484336.53418468963,346934.75210494304,95202.10547699993,0,926473.3917666327
2025-11-01 00:00:00.000 UTC,435927.0491439306,322952.48000379116,122104.15594800003,0,880983.6850957219
2025-12-01 00:00:00.000 UTC,423020.2506669999,326812.57714800007,216908.17495000002,0,966741.002765
2026-01-01 00:00:00.000 UTC,387163.304126,331860.3287139999,168579.26491899992,0,887602.8977589998
2026-02-01 00:00:00.000 UTC,407527.3337989999,399523.80270800006,186870.43052900012,0,993921.5670360001
2026-03-01 00:00:00.000 UTC,416806.71887199994,404246.9591340001,228630.58412799967,0,1049684.2621339997
2026-04-01 00:00:00.000 UTC,437112.8842429999,481405.1996329999,97182.07378499999,0,1015700.1576609997
2026-05-01 00:00:00.000 UTC,299765.5030089999,298107.450147,0,0,597872.953156
2026-06-01 00:00:00.000 UTC,328077.71562700014,344431.679557,0,0,672509.395184
