month,unique_depositors
2023-01-01,1
2023-02-01,2
2023-03-01,9
2023-04-01,3
2023-05-01,7
2023-06-01,17
2023-07-01,7
2023-08-01,16
2023-09-01,22
2023-10-01,27
2023-11-01,20
2023-12-01,16
2024-01-01,18
2024-02-01,14
2024-03-01,23
2024-04-01,18
2024-05-01,24
2024-06-01,107
2024-07-01,193
2024-08-01,179
2024-09-01,226
2024-10-01,523
2024-11-01,254
2024-12-01,133
2025-01-01,277
2025-02-01,326
2025-03-01,378
2025-04-01,444
2025-05-01,2195
2025-06-01,906
2025-07-01,643
2025-08-01,562
2025-09-01,750
2025-10-01,848
2025-11-01,722
2025-12-01,863
2026-01-01,884
2026-02-01,664
2026-03-01,922
2026-04-01,728
2026-05-01,632
2026-06-01,406
