month,principal_repaid,gross_interest,total_principal_repaid,total_gross_interest
2023-06-01 00:00:00.000 UTC,90000,4326.738893,9541584576.116901,127179888.34604421
2023-07-01 00:00:00.000 UTC,2047675.77,39905.532250000004,9541584576.116901,127179888.34604421
2023-08-01 00:00:00.000 UTC,853000,50904.59697299999,9541584576.116901,127179888.34604421
2023-09-01 00:00:00.000 UTC,2583875,161553.166367,9541584576.116901,127179888.34604421
2023-10-01 00:00:00.000 UTC,8075700,296148.61314,9541584576.116901,127179888.34604421
2023-11-01 00:00:00.000 UTC,7925892.220000001,597340.622645,9541584576.116901,127179888.34604421
2023-12-01 00:00:00.000 UTC,12977713.26,523555.052362,9541584576.116901,127179888.34604421
2024-01-01 00:00:00.000 UTC,9477978.35,547600.6337369999,9541584576.116901,127179888.34604421
2024-02-01 00:00:00.000 UTC,14041745.6,761143.654905,9541584576.116901,127179888.34604421
2024-03-01 00:00:00.000 UTC,16786976,738851.8016639999,9541584576.116901,127179888.34604421
2024-04-01 00:00:00.000 UTC,13344271.120000001,664323.9619661485,9541584576.116901,127179888.34604421
2024-05-01 00:00:00.000 UTC,10006090.55,743097.2760208528,9541584576.116901,127179888.34604421
2024-06-01 00:00:00.000 UTC,7052272.880000001,990245.6067832165,9541584576.116901,127179888.34604421
2024-07-01 00:00:00.000 UTC,22879053.200000003,1089220.0753023943,9541584576.116901,127179888.34604421
2024-08-01 00:00:00.000 UTC,16617264.459999999,1199230.833448925,9541584576.116901,127179888.34604421
2024-09-01 00:00:00.000 UTC,41876833.05,1104491.044853778,9541584576.116901,127179888.34604421
2024-10-01 00:00:00.000 UTC,74857174.50999999,2007520.7303030002,9541584576.116901,127179888.34604421
2024-11-01 00:00:00.000 UTC,92535899.65,1992084.3730412028,9541584576.116901,127179888.34604421
2024-12-01 00:00:00.000 UTC,92712600.11,1562946.863535016,9541584576.116901,127179888.34604421
2025-01-01 00:00:00.000 UTC,45525718.70000001,2245826.679124859,9541584576.116901,127179888.34604421
2025-02-01 00:00:00.000 UTC,155129217.13,2033545.5394143125,9541584576.116901,127179888.34604421
2025-03-01 00:00:00.000 UTC,133504473.17,1417346.3675287005,9541584576.116901,127179888.34604421
2025-04-01 00:00:00.000 UTC,36501486.414900005,1557733.947028348,9541584576.116901,127179888.34604421
2025-05-01 00:00:00.000 UTC,88787738.32000001,3025731.05683764,9541584576.116901,127179888.34604421
2025-06-01 00:00:00.000 UTC,52423203.67,3613675.0794814155,9541584576.116901,127179888.34604421
2025-07-01 00:00:00.000 UTC,92842931.51,6140194.908586493,9541584576.116901,127179888.34604421
2025-08-01 00:00:00.000 UTC,86204377.47999999,6264428.469169922,9541584576.116901,127179888.34604421
2025-09-01 00:00:00.000 UTC,103705893.16,6991233.681212951,9541584576.116901,127179888.34604421
2025-10-01 00:00:00.000 UTC,536624261,10672073.683320502,9541584576.116901,127179888.34604421
2025-11-01 00:00:00.000 UTC,668768587,9505685.499745524,9541584576.116901,127179888.34604421
2025-12-01 00:00:00.000 UTC,717797405.65,9241966.509205,9541584576.116901,127179888.34604421
2026-01-01 00:00:00.000 UTC,659080086.0500002,8412570.131247,9541584576.116901,127179888.34604421
2026-02-01 00:00:00.000 UTC,980259402.072,8933515.44196,9541584576.116901,127179888.34604421
2026-03-01 00:00:00.000 UTC,775399995,9094555.799944,9541584576.116901,127179888.34604421
2026-04-01 00:00:00.000 UTC,2659303201,9541625.251047002,9541584576.116901,127179888.34604421
2026-05-01 00:00:00.000 UTC,496726439.99999994,6494719.388745001,9541584576.116901,127179888.34604421
2026-06-01 00:00:00.000 UTC,806258143.0600001,6918969.734254998,9541584576.116901,127179888.34604421
