month,otc_revenue
2023-08-01 00:00:00,0
2023-09-01 00:00:00,0
2023-10-01 00:00:00,0
2023-11-01 00:00:00,0
2023-12-01 00:00:00,0
2024-01-01 00:00:00,0
2024-02-01 00:00:00,0
2024-03-01 00:00:00,0
2024-04-01 00:00:00,0
2024-05-01 00:00:00,24000
2024-06-01 00:00:00,63949.43000000001
2024-07-01 00:00:00,154184.37
2024-08-01 00:00:00,187366.95
2024-09-01 00:00:00,242598.61
2024-10-01 00:00:00,192048.65999999997
2024-11-01 00:00:00,151832.41999999998
2024-12-01 00:00:00,137141.68
2025-01-01 00:00:00,189325.03
2025-02-01 00:00:00,158484.44
2025-03-01 00:00:00,193477.75
2025-04-01 00:00:00,451861.41
2025-05-01 00:00:00,709196.4
2025-06-01 00:00:00,812990.04
2025-07-01 00:00:00,585000
2025-08-01 00:00:00,700000
2025-09-01 00:00:00,660000
2025-10-01 00:00:00,0
