date,deposits_usd,collateral_usd
2022-12-11,10607599.01682912,0
2022-12-12,44407844.49803079,0
2022-12-13,34874886.9886073,0
2022-12-14,34884104.714230925,0
2022-12-15,29155805.67139754,0
2022-12-16,28786501.037668176,0
2022-12-17,28382509.418021798,0
2022-12-18,22700368.09804145,0
2022-12-19,22369288.053568076,0
2022-12-20,22242679.986987885,0
2022-12-21,20600358.3929064,0
2022-12-22,20568563.760328792,0
2022-12-23,34147042.84195427,0
2022-12-24,33934955.11652463,0
2022-12-25,33938044.75426009,0
2022-12-26,33573541.08469395,0
2022-12-27,32960913.026793413,0
2022-12-28,32242869.49452687,0
2022-12-29,32002117.71626823,0
2022-12-30,39807133.1475225,0
2022-12-31,39799056.12399344,0
2023-01-01,39795560.02265237,0
2023-01-02,39793767.2801773,0
2023-01-03,38073007.04813823,0
2023-01-04,38074634.97239417,0
2023-01-05,36979096.57147709,0
2023-01-06,36958690.317178026,0
2023-01-07,36960370.146981955,0
2023-01-08,36962051.05974889,0
2023-01-09,36963731.97251583,0
2023-01-10,36953186.73767975,0
2023-01-11,34944083.25698569,0
2023-01-12,34945657.611582614,0
2023-01-13,34947338.524349555,0
2023-01-14,34949019.43711648,0
2023-01-15,34933018.93123542,0
2023-01-16,34934699.84400234,0
2023-01-17,34935133.34463828,0
2023-01-18,34936814.257405214,0
2023-01-19,34938495.17017214,0
2023-01-20,34939834.17422607,0
2023-01-21,34899299.15932701,0
2023-01-22,38898859.949052356,0
2023-01-23,38899419.02970662,0
2023-01-24,38772792.339745894,0
2023-01-25,38759035.744123176,0
2023-01-26,39400454.86716085,0
2023-01-27,39359392.62880149,0
2023-01-28,39360530.172547124,0
2023-01-29,39153347.00026377,0
2023-01-30,39132165.44011241,0
2023-01-31,39133302.98385805,0
2023-02-01,41422858.85678751,0
2023-02-02,41423437.31987888,0
2023-02-03,41424015.78297024,0
2023-02-04,41419293.946867615,0
2023-02-05,44411041.67539898,0
2023-02-06,44366001.403620124,0
2023-02-07,44367383.29136898,0
2023-02-08,44368765.17911785,0
2023-02-09,44370147.066866726,0
2023-02-10,39807209.14057723,0
2023-02-11,39808368.32735627,0
2023-02-12,39810889.3931873,0
2023-02-13,39813410.45901833,0
2023-02-14,39770655.69072236,0
2023-02-15,54889877.0954731,0
2023-02-16,54894143.70819412,0
2023-02-17,54898456.955708265,0
2023-02-18,54869581.28752521,0
2023-02-19,54873894.53503933,0
2023-02-20,54765994.05418136,0
2023-02-21,54764806.0606754,0
2023-02-22,54769119.30818953,0
2023-02-23,54773432.555703565,0
2023-02-24,15990071.04048916,0
2023-02-25,13920653.70286657,0
2023-02-26,13924966.950380625,0
2023-02-27,13929280.197894692,0
2023-02-28,15060375.8501626,0
2023-03-01,14979394.809451275,0
2023-03-02,14983708.05696533,0
2023-03-03,14986770.682905376,0
2023-03-04,14991083.930419443,0
2023-03-05,14995397.177933501,0
2023-03-06,12274912.823180456,0
2023-03-07,12209602.555202303,0
2023-03-08,15212555.961772632,0
2023-03-09,15217672.633944198,0
2023-03-10,19724598.85885645,0
2023-03-11,13996678.829710675,0
2023-03-12,14001971.146802755,0
2023-03-13,14007263.463894835,0
2023-03-14,13891950.166336896,0
2023-03-15,13897242.483428976,0
2023-03-16,13885864.827964375,0
2023-03-17,14114316.714652706,0
2023-03-18,14119543.148634046,0
2023-03-19,14124769.582615392,0
2023-03-20,14129996.016596725,0
2023-03-21,14330838.685104016,0
2023-03-22,14436194.042705905,0
2023-03-23,14419649.446325695,0
2023-03-24,14514001.336739786,0
2023-03-25,14519375.333049865,0
2023-03-26,14524749.329359945,0
2023-03-27,14530123.325670026,0
2023-03-28,14430079.591577103,0
2023-03-29,14435453.587887196,0
2023-03-30,14441126.379383726,0
2023-03-31,14447531.197611572,0
2023-04-01,14453936.015839418,0
2023-04-02,14434414.860642275,0
2023-04-03,14440819.678870123,0
2023-04-04,14447232.6218013,0
2023-04-05,14397605.841947626,0
2023-04-06,14403773.353173442,0
2023-04-07,14399493.125222258,0
2023-04-08,14405922.046404077,0
2023-04-09,14412350.967585893,0
2023-04-10,16418735.357262863,0
2023-04-11,16409504.76100534,0
2023-04-12,14015896.024896964,0
2023-04-13,14022602.041724196,0
2023-04-14,14023674.886998814,0
2023-04-15,14030307.167212036,0
2023-04-16,13969769.945583241,0
2023-04-17,13928349.374911085,0
2023-04-18,13934981.6551243,0
2023-04-19,13941613.935337521,0
2023-04-20,13948246.215550736,0
2023-04-21,14254910.057707727,0
2023-04-22,14261624.822852472,0
2023-04-23,14268339.587997224,0
2023-04-24,14275054.353141965,0
2023-04-25,14281769.118286721,0
2023-04-26,14269891.799988251,0
2023-04-27,14266031.484473374,0
2023-04-28,14272642.202036416,0
2023-04-29,14279252.919599451,0
2023-04-30,14285863.637162503,0
2023-05-01,14292474.354725536,0
2023-05-02,14299085.07228858,0
2023-05-03,14305695.789851611,0
2023-05-04,14813030.241798975,0
2023-05-05,14818880.808883907,0
2023-05-06,14825449.60863877,0
2023-05-07,14832018.408393614,0
2023-05-08,14838587.208148466,0
2023-05-09,14844999.038469307,0
2023-05-10,16852629.79711963,0
2023-05-11,16858855.075677227,0
2023-05-12,16865244.88779673,0
2023-05-13,16871634.69991621,0
2023-05-14,16878024.51203571,0
2023-05-15,16884414.324155208,0
2023-05-16,16888458.459217545,0
2023-05-17,16894687.457322318,0
2023-05-18,16900897.498554386,0
2023-05-19,16907107.539786465,0
2023-05-20,16912551.75047554,0
2023-05-21,15936292.45180061,0
2023-05-22,15942502.493032679,0
2023-05-23,17716530.44103776,0
2023-05-24,17722899.25385697,0
2023-05-25,19729534.816506118,0
2023-05-26,19736351.37065831,0
2023-05-27,19732969.811026454,0
2023-05-28,19739786.36517864,0
2023-05-29,23256334.28349402,0
2023-05-30,23262224.063310128,0
2023-05-31,23268113.843126245,0
2023-06-01,26572704.99255265,0
2023-06-02,26578901.41556444,0
2023-06-03,26583644.74752282,0
2023-06-04,26574619.349623747,0
2023-06-05,29623060.1116349,0
2023-06-06,29629704.19380012,0
2023-06-07,30388497.25227304,0
2023-06-08,29834029.504509654,0
2023-06-09,28047000.669134043,0
2023-06-10,30454017.675483633,0
2023-06-11,30460088.31577156,0
2023-06-12,28725549.873284403,0
2023-06-13,28731724.40039922,0
2023-06-14,28705139.574478507,0
2023-06-15,29211286.987838205,0
2023-06-16,29717988.029123522,0
2023-06-17,29724260.566241298,0
2023-06-18,29730533.103359073,0
2023-06-19,29886781.640476853,0
2023-06-20,30443076.24686223,0
2023-06-21,30449398.799317703,0
2023-06-22,30155671.290601082,0
2023-06-23,29973956.76229056,0
2023-06-24,29980185.560752235,0
2023-06-25,29986414.35921391,0
2023-06-26,29252458.22710979,0
2023-06-27,33586525.76253976,0
2023-06-28,34579014.77240965,0
2023-06-29,34585794.55968651,0
2023-06-30,34592596.07105798,0
2023-07-01,34599420.52237916,0
2023-07-02,34097409.35726124,0
2023-07-03,34093695.308819756,0
2023-07-04,34307079.486293525,0
2023-07-05,33399958.526632525,0
2023-07-06,33037791.91110061,0
2023-07-07,31921963.369227618,0
2023-07-08,31928565.851609964,0
2023-07-09,36935168.333992295,0
2023-07-10,35494020.65155604,0
2023-07-11,36545318.26965968,0
2023-07-12,36552661.00929732,0
2023-07-13,36560067.37354885,0
2023-07-14,36568979.844004996,0
2023-07-15,36576372.98021631,0
2023-07-16,36379227.83688764,0
2023-07-17,36386084.044373766,0
2023-07-18,36653631.51698349,0
2023-07-19,36661264.63477656,0
2023-07-20,36550709.279231906,0
2023-07-21,36558133.94995631,0
2023-07-22,36565560.66396641,0
2023-07-23,36572987.37797651,0
2023-07-24,36580414.09198661,0
2023-07-25,36587840.80599671,0
2023-07-26,36595267.52000682,0
2023-07-27,36105270.463316925,0
2023-07-28,36112685.179955624,0
2023-07-29,35868937.17865482,0
2023-07-30,35876331.636851124,0
2023-07-31,35884258.4205333,0
2023-08-01,36331426.7233918,0
2023-08-02,36692057.62975475,0
2023-08-03,35899973.26561609,0
2023-08-04,35908662.933069006,0
2023-08-05,35917461.47252523,0
2023-08-06,36046233.81800259,0
2023-08-07,39780855.8357108,0
2023-08-08,39788874.61419076,0
2023-08-09,45219655.85598045,128052.115181
2023-08-10,46224439.56811266,127217.598744
2023-08-11,46215207.331014924,126522.421356
2023-08-12,46211844.22327577,126406.446271
2023-08-13,45087989.91597639,126472.211761
2023-08-14,45312969.09893948,125925.369753
2023-08-15,45415003.948160276,126422.52324
2023-08-16,45619851.88203102,125433.10872
2023-08-17,45193685.11571783,123643.047186
2023-08-18,44632085.71968142,113956.825261
2023-08-19,44589146.66140619,111984.204518
2023-08-20,45002445.56185061,112250.548109
2023-08-21,45056600.72192728,112491.011806
2023-08-22,46163923.14319475,112311.725628
2023-08-23,46065140.12482947,111944.804263
2023-08-24,53103954.28406991,113735.037066
2023-08-25,53043029.237562485,112380.217275
2023-08-26,53036929.08585487,111989.355703
2023-08-27,53022114.689364,111808.667596
2023-08-28,53067905.47828872,112155.683874
2023-08-29,53166028.85163897,112269.860226
2023-08-30,53439584.10391181,119241.166082
2023-08-31,53469026.93180776,117378.224192
2023-09-01,53275295.991372444,111487.893143
2023-09-02,53236319.34519939,110993.021107
2023-09-03,54201879.345702924,111170.724412
2023-09-04,54761832.219526894,111626.264133
2023-09-05,54756524.56258753,111066.268511
2023-09-06,55010226.553886876,110872.978136
2023-09-07,55020915.937926725,180528.2385242
2023-09-08,55081063.700050525,183608.2573443
2023-09-09,55058324.93055763,181609.6692614
2023-09-10,55063027.3024992,181484.1683201
2023-09-11,55016373.91079802,181100.406501
2023-09-12,58796876.02725504,17998458.4128011
2023-09-13,59962836.619080305,18520758.5516866
2023-09-14,61436685.11458783,18681919.9289208
2023-09-15,61488330.54654558,18896417.2869457
2023-09-16,61554023.377128124,19085927.2385203
2023-09-17,61541229.083769895,19012431.9925169
2023-09-18,61512853.24431915,18858342.4756325
2023-09-19,61573969.14157638,19033861.9043811
2023-09-20,61609979.18689716,19083498.1160587
2023-09-21,61547216.193275824,18860238.3156145
2023-09-22,61431364.907348886,18436514.6944845
2023-09-23,61477088.123731524,18542482.6671511
2023-09-24,61488909.31492761,18541080.7725948
2023-09-25,62508523.9405961,18356547.353929
2023-09-26,62548737.67881215,18465987.7091068
2023-09-27,62584982.77590231,18509923.7567059
2023-09-28,61792793.0613767,18593015.232769
2023-09-29,62010755.69000358,19178060.1843875
2023-09-30,62077464.79883199,19397489.503691
2023-10-01,62100560.408913866,19483749.9777414
2023-10-02,62377584.48787368,20145199.9631658
2023-10-03,61840833.904587075,19276767.7418789
2023-10-04,64114835.0830375,19230724.9238695
2023-10-05,63656518.190711245,19193232.3660728
2023-10-06,64083533.34307113,18684204.0514542
2023-10-07,64542905.79418497,19061226.7318604
2023-10-08,64730719.24283938,18920713.0273009
2023-10-09,56066806.847693235,18896792.2924465
2023-10-10,56079939.57435673,18315756.0864273
2023-10-11,55967468.45911634,18175202.436657
2023-10-12,56280943.34739194,18152141.3854004
2023-10-13,57274345.21211374,17801988.3288861
2023-10-14,59288145.69963434,17967425.3545102
2023-10-15,59301946.18715515,18041060.3509737
2023-10-16,63890292.45523856,18029363.20077
2023-10-17,63903277.01279546,18459342.0728613
2023-10-18,63914692.71366268,18130498.7701675
2023-10-19,63030301.67718317,18109856.901132
2023-10-20,71046231.98669308,18178025.8431574
2023-10-21,71402052.06234848,18627295.8017549
2023-10-22,71416097.95032197,18905229.3700109
2023-10-23,72030257.2090067,19292509.709505
2023-10-24,72090058.16352335,20471926.4870116
2023-10-25,72816100.122864,20739915.9867266
2023-10-26,70483743.63361819,20724731.4773623
2023-10-27,71024238.26763596,39256962.3797855
2023-10-28,71042726.64228599,38793349.2773346
2023-10-29,71061215.01693623,38706884.9314713
2023-10-30,71082242.37716208,39201330.4079821
2023-10-31,70600649.37962903,39458624.2903672
2023-11-01,70619129.02583094,39457106.8364448
2023-11-02,70855200.43813118,40241873.4612431
2023-11-03,70616969.71305174,39289809.0890845
2023-11-04,70635419.41404907,39928007.1204717
2023-11-05,70653869.11504641,40615906.4507003
2023-11-06,70704899.05092978,41319050.0270375
2023-11-07,70698316.36499253,41475742.5968808
2023-11-08,79028903.10776666,41078192.7733183
2023-11-09,73930441.96354939,41256817.2649483
2023-11-10,73083198.14389133,46270959.2349962
2023-11-11,72578365.93218142,45414758.73909
2023-11-12,72595319.17702655,44709107.8948162
2023-11-13,74612272.42187081,44658407.6167018
2023-11-14,74616546.38764378,44985797.6925905
2023-11-15,74633986.53240642,43267057.7968763
2023-11-16,72013551.74026574,44876518.7589545
2023-11-17,71021881.83321291,42762462.0899351
2023-11-18,71089507.74997924,42595190.6923843
2023-11-19,71125346.33312759,42848982.0663804
2023-11-20,70793497.95826118,43783648.4016201
2023-11-21,80811594.10442232,66350151.2777827
2023-11-22,82122972.44031084,65615480.7688276
2023-11-23,81554064.97394794,68173811.8802913
2023-11-24,81574128.44217019,68724238.7480033
2023-11-25,81594239.81805922,69940946.087097
2023-11-26,81614351.19394809,70868041.0282867
2023-11-27,81571681.68062831,67990965.7682279
2023-11-28,81841719.86471306,57900792.5584605
2023-11-29,80114627.06879349,58045389.7648964
2023-11-30,78458817.99762645,57044946.4432922
2023-12-01,78478465.18224138,58471174.6466758
2023-12-02,78698112.13648903,60037274.1183034
2023-12-03,78717759.09073688,62144313.3804922
2023-12-04,78736394.91535231,62318817.1871822
2023-12-05,78755722.28810254,49518794.7833357
2023-12-06,74909201.7737077,49978998.8086657
2023-12-07,74452890.85229014,48601268.8098421
2023-12-08,74166978.39155379,51218143.1656996
2023-12-09,74172748.72498144,52019440.8865351
2023-12-10,74191027.00070971,52713976.6056859
2023-12-11,74209305.27643873,48734834.2273954
2023-12-12,74635994.65416452,48205207.2969093
2023-12-13,74993626.25530808,39732639.3441199
2023-12-14,70029892.48650001,39560466.1578403
2023-12-15,70047848.08007286,39325448.5705186
2023-12-16,69928723.2602004,39619042.3183879
2023-12-17,70096215.76928565,40503266.3514708
2023-12-18,70363162.13575962,38971286.4449383
2023-12-19,73080834.9836739,39382486.9624955
2023-12-20,73098875.13554537,39871641.4030738
2023-12-21,73041690.05948062,40227475.0634197
2023-12-22,73035402.12002677,40975149.325636
2023-12-23,73054116.406241,42277012.9034282
2023-12-24,73072317.96945024,43079135.7753008
2023-12-25,72601562.60295448,43688501.2513146
2023-12-26,72425984.8852209,40238845.485783
2023-12-27,72169070.96820205,40424529.3158654
2023-12-28,72210918.72103441,40179568.9751298
2023-12-29,72247255.56747854,39885660.1686483
2023-12-30,72265361.54223868,40436005.1014156
2023-12-31,72333467.51699862,41255498.684874
2024-01-01,71263628.19139886,42029273.4194338
2024-01-02,69260651.2188733,41574163.3028579
2024-01-03,69278511.51800753,40671082.2379649
2024-01-04,68695653.80141416,41073352.5161559
2024-01-05,68713563.99533714,41387332.3728896
2024-01-06,68731474.18925877,42213217.7160793
2024-01-07,68799384.38318041,42919325.8216552
2024-01-08,68817294.57710205,42501627.8166308
2024-01-09,68835204.77102369,43124645.1927596
2024-01-10,67849599.36897233,44290024.1761328
2024-01-11,68716618.92501599,45950805.4878415
2024-01-12,68734632.74794562,44320930.3
2024-01-13,68752636.75784165,44573117.95
2024-01-14,68770640.7677376,45780700.2
2024-01-15,68697972.63205543,46117743
2024-01-16,68815976.64195147,43609927.55
2024-01-17,69133980.6518474,43709809.05
2024-01-18,68774863.88638663,42041085.15
2024-01-19,74131922.29735388,57266509.6572
2024-01-20,74155411.7166862,58397066.74852
2024-01-21,74173901.13601856,59137201.33804
2024-01-22,72087802.93592738,58327127.42887
2024-01-23,72157522.3824856,55943572.70957
2024-01-24,71519777.24834013,55991938.058045
2024-01-25,72054928.17917666,56159864.59907
2024-01-26,72659049.3224283,57566466.24718
2024-01-27,72798456.41306897,59487110.732295
2024-01-28,72842742.16736938,52352257.684655
2024-01-29,72994795.23746254,51344485.467319995
2024-01-30,73315042.35969336,52253352.65016
2024-01-31,74043277.41158849,51542713.797035
2024-02-01,73244152.10758209,51535315.314725004
2024-02-02,73040827.92450547,51743123.77949
2024-02-03,73099755.14963342,52655556.59532
2024-02-04,73078075.52476136,53402172.23485
2024-02-05,72583800.97894719,51152696.608715
2024-02-06,72605538.28360444,51686858.73374
2024-02-07,72287095.39813697,52754662.401395
2024-02-08,72364985.73214921,54282465.19149
2024-02-09,72464370.51616175,56083591.385304995
2024-02-10,72545086.1001741,57821891.321405
2024-02-11,72616997.47944546,58954575.466875
2024-02-12,71941541.61108418,41704110.672445
2024-02-13,71852617.48030391,41506234.802094996
2024-02-14,72800682.64600816,43049865.038335
2024-02-15,72883048.9439227,43468506.03815
2024-02-16,72193333.90534836,43646760.944194995
2024-02-17,72163488.16173252,44470393.577105
2024-02-18,72156514.41811655,45250602.948795
2024-02-19,72225855.3283432,46322568.408445
2024-02-20,71395648.87126553,44021965.67814501
2024-02-21,71972424.49491332,43470671.163715005
2024-02-22,71978487.56468926,44031956.741035
2024-02-23,71945514.23401117,43450391.467915
2024-02-24,71932806.20333311,44143688.669594996
2024-02-25,72010797.32265505,45148032.206305005
2024-02-26,72016068.33333036,46051796.949275
2024-02-27,71989899.42503299,48005905.03914
2024-02-28,72533907.83531971,50533141.39067
2024-02-29,72775726.67600234,52211514.921909995
2024-03-01,73314515.47730058,52788821.871130005
2024-03-02,73409970.28868018,53891225.808115
2024-03-03,73424341.42910966,54676318.4894
2024-03-04,73432013.57947026,56301821.99652
2024-03-05,72834232.69071639,44966437.389815
2024-03-06,73987959.28482766,48253214.91348
2024-03-07,74349592.96298192,52658879.18524
2024-03-08,74575074.69166741,54188014.254745
2024-03-09,74614149.08685297,55132198.74036
2024-03-10,74629965.97438835,55980001.675179996
2024-03-11,74489478.865865,58610463.04672
2024-03-12,74644072.21301256,58499668.174315006
2024-03-13,74704137.90442315,60164551.35175
2024-03-14,75068639.1620577,58034215.555125
2024-03-15,80428493.60086027,58104956.682500005
2024-03-16,77888015.14429596,59318195.841161
2024-03-17,77784875.6188616,60169470.1528996
2024-03-18,78419930.80507647,57885522.3130984
2024-03-19,78181490.19052564,55988697.5608564
2024-03-20,77863725.32238488,55667334.5327912
2024-03-21,78556230.53062406,56386525.172660396
2024-03-22,78583004.13679609,67837957.788878
2024-03-23,78404160.93904322,67908354.9551228
2024-03-24,78428838.28369035,68982965.1079796
2024-03-25,79072189.77229369,73313751.7630148
2024-03-26,79472073.89300302,73162780.683572
2024-03-27,77763185.2586373,53197443.3948728
2024-03-28,79374760.5278038,58520617.521695994
2024-03-29,79501488.3848443,59579140.85403399
2024-03-30,79585695.1380848,59983647.6522504
2024-03-31,79775125.3625756,60554377.60885
2024-04-01,80596715.17635688,59568695.3115056
2024-04-02,80285696.01836401,57038138.246569596
2024-04-03,79831113.4590791,42776126.8502352
2024-04-04,79974717.1486188,43347987.0840096
2024-04-05,80027695.49541949,44446019.584616005
2024-04-06,79781710.3795,43669917.5200752
2024-04-07,79917456.9325905,44393063.9664608
2024-04-08,79911115.04751353,44627207.362006396
2024-04-09,79890170.26796065,45786502.150206394
2024-04-10,79857052.98517804,44102399.91665439
2024-04-11,76770412.03550678,46543436.6437152
2024-04-12,76826205.67798536,48378862.3996112
2024-04-13,76267215.29671365,47769782.854969606
2024-04-14,75936036.71639208,45078559.62517761
2024-04-15,75941889.96487993,45942276.7846455
2024-04-16,75605346.1171733,43584504.9458286
2024-04-17,76602123.9460653,43535143.1446469
2024-04-18,77398743.23333257,46126910.172700904
2024-04-19,82874235.45490661,48202688.796257
2024-04-20,82969275.30085422,48596763.19289771
2024-04-21,83287048.33613515,49780165.9494379
2024-04-22,83254494.64070311,49635382.2686116
2024-04-23,83744643.53368013,51458977.7487835
2024-04-24,83690801.20817225,51003603.081400394
2024-04-25,83325984.4187662,49181301.7836083
2024-04-26,86251295.85782951,49033984.1097776
2024-04-27,86050105.53646646,48117911.1026955
2024-04-28,86415134.1593531,48181216.8021334
2024-04-29,86253982.64968878,47549344.544734195
2024-04-30,86338334.61499587,56215993.307952404
2024-05-01,85818315.48192494,53845505.1946269
2024-05-02,86895521.3509054,53655437.7490128
2024-05-03,87080070.98257193,55659683.3227576
2024-05-04,88835308.99452022,58659391.9063234
2024-05-05,90014663.39106187,59627069.284979
2024-05-06,90022348.69988419,59664963.9934965
2024-05-07,90081650.58731857,60660067.784188
2024-05-08,99922681.99963814,59475903.1673844
2024-05-09,108885211.31501509,73987394.6641326
2024-05-10,110132449.5584117,77548406.4684444
2024-05-11,109490044.96944328,74569178.862105
2024-05-12,109435410.0285412,74275316.2924608
2024-05-13,109290744.20319809,74423973.26004
2024-05-14,109656888.63346136,75823533.922703
2024-05-15,109064536.67205948,73816237.4438691
2024-05-16,112130035.95319845,80507101.4285921
2024-05-17,113986901.30710682,81586342.060018
2024-05-18,114923256.95433816,85937068.8961253
2024-05-19,115153657.23542073,86497606.3874079
2024-05-20,114872755.01968758,85491614.466914
2024-05-21,116696540.69304667,92837302.25083
2024-05-22,115909188.57215585,90124192.4072698
2024-05-23,115050380.32376818,97550268.1881554
2024-05-24,114990717.95478095,96302544.4510626
2024-05-25,114581547.28264214,94974421.77281329
2024-05-26,114719233.91075996,95719536.6126101
2024-05-27,116334558.18383783,93960936.48320289
2024-05-28,116937922.81351717,96125864.35174079
2024-05-29,117286743.86572179,97877091.8665132
2024-05-30,117382784.0723308,97089116.8671901
2024-05-31,117525813.29775527,97537327.79374321
2024-06-01,117406602.75964537,96501431.2567476
2024-06-02,117667511.7029512,96714273.3704838
2024-06-03,117689345.08596483,96108446.421691
2024-06-04,118825515.12098186,99948968.60304911
2024-06-05,117437393.21014033,100214284.8626463
2024-06-06,117668265.55601826,101192329.81768769
2024-06-07,120321686.30841829,107807118.1513241
2024-06-08,119650242.2832223,104553208.2276621
2024-06-09,119377644.96077164,103521089.9672468
2024-06-10,119810840.22769403,104771501.1464686
2024-06-11,119502033.3392627,103858649.8769379
2024-06-12,118578787.70001242,98632884.04239571
2024-06-13,120528887.92489934,100798776.1638272
2024-06-14,120132105.94707878,100966542.6419013
2024-06-15,119810181.9083848,99216616.1309946
2024-06-16,122528654.90854925,99977609.30703211
2024-06-17,123443850.25109853,101785325.8298478
2024-06-18,125490140.31537671,103263846.07012421
2024-06-19,125021403.12369153,102138610.2288349
2024-06-20,124891647.34056051,105677098.4713769
2024-06-21,125297751.05046469,104966729.6458618
2024-06-22,125326127.50309245,104600598.1025612
2024-06-23,126590091.88155387,104416169.63967209
2024-06-24,126257325.35222265,106231780.71449581
2024-06-25,127609817.08566654,105155821.3651098
2024-06-26,128209949.49725206,110102848.0970787
2024-06-27,127967579.92435586,109095396.8917419
2024-06-28,129107325.83275223,114427681.28391328
2024-06-29,128712935.18261881,109847643.47572981
2024-06-30,129867409.94948769,110424345.98435159
2024-07-01,131100081.42522714,116283141.50861838
2024-07-02,132361492.26065215,118537433.91783771
2024-07-03,144480572.24831748,120335562.7851304
2024-07-04,144661299.3801883,116427519.9437324
2024-07-05,142789189.40178025,110442736.5916668
2024-07-06,143280266.44409618,112256580.5858115
2024-07-07,144638120.52063376,116982649.3075185
2024-07-08,143087314.02622432,111177190.08163819
2024-07-09,144261367.26992574,119810296.31542471
2024-07-10,145457508.56688166,122115332.2593489
2024-07-11,146590788.1157951,121988629.68832919
2024-07-12,147264686.6603077,122606221.8371072
2024-07-13,148246298.8023166,124556152.8377744
2024-07-14,149105581.61617917,126909709.02818461
2024-07-15,151258422.63479638,133480276.1863386
2024-07-16,154327179.15299913,142968998.94953468
2024-07-17,155345762.72642845,120745189.0137625
2024-07-18,156085882.28493845,135040866.7246856
2024-07-19,157902711.10900226,136520163.2778709
2024-07-20,158765735.70360565,143816694.98685288
2024-07-21,159835166.94193226,146546830.6106839
2024-07-22,159452403.16171238,153920460.37830198
2024-07-23,158644245.31658337,154543338.49282998
2024-07-24,157923014.23423028,150174342.0601015
2024-07-25,160271138.5583486,151916488.3377685
2024-07-26,160150197.88902462,154172535.484929
2024-07-27,162065292.28954542,161685857.3442705
2024-07-28,162334915.5380263,162553289.0561255
2024-07-29,161351305.48828515,161874857.44691762
2024-07-30,161218479.2829248,159301481.42444682
2024-07-31,160792570.57159317,157121233.7453258
2024-08-01,161773829.20261177,147306504.4685145
2024-08-02,163955693.50802723,149468543.1291155
2024-08-03,160908938.20791996,138867461.1151915
2024-08-04,159499596.6802807,140879399.5039156
2024-08-05,158740226.2733485,149156865.7363365
2024-08-06,157555979.03470922,142765819.7706423
2024-08-07,165121612.99116609,152430004.2430846
2024-08-08,165259745.98399347,152115667.9798679
2024-08-09,168850512.97873574,169791804.3357455
2024-08-10,168256322.24096668,165238011.8320614
2024-08-11,168650486.79799816,163880878.02984542
2024-08-12,167827135.819256,154896987.804599
2024-08-13,169876759.08480927,158170896.7192283
2024-08-14,170491044.84907344,168902853.3068976
2024-08-15,169867997.4828691,169376147.3453719
2024-08-16,173032993.74002078,167214905.4840194
2024-08-17,173708835.36448234,167158291.579988
2024-08-18,174366604.93018627,169287675.8581638
2024-08-19,174073361.57714576,168211481.52558228
2024-08-20,175019703.73925024,170979460.0194654
2024-08-21,175656247.68503636,166069453.541546
2024-08-22,178180082.32160053,169363451.42923063
2024-08-23,178627645.0129348,168651679.8227131
2024-08-24,180705021.20876476,178871135.76892912
2024-08-25,181737230.26696283,182975407.208548
2024-08-26,180797899.91317195,182100455.0504765
2024-08-27,178785447.7034052,184916115.76263243
2024-08-28,179319447.3429731,174490167.64690942
2024-08-29,178831015.41777268,163788747.95599
2024-08-30,178987921.00565535,161906404.4285177
2024-08-31,179659372.70991135,160837187.7137854
2024-09-01,179431107.17546105,159214225.9135206
2024-09-02,179121012.54269695,153829473.9856618
2024-09-03,179934842.0206903,165529156.6663795
2024-09-04,178489634.64176473,140071567.9548615
2024-09-05,189888692.06283456,143621071.086176
2024-09-06,190419164.3393621,165185825.4973338
2024-09-07,189774418.55280817,159421489.59669423
2024-09-08,190367386.06866163,161149274.7081762
2024-09-09,189945994.34743464,163356868.9520359
2024-09-10,192315747.24778324,189693013.36120158
2024-09-11,195289612.6522755,191172312.2785213
2024-09-12,194650666.77825987,185249265.1138223
2024-09-13,196625079.10501927,196323321.83995503
2024-09-14,197595065.51388508,202678985.1934562
2024-09-15,199190874.26554322,200435987.50792938
2024-09-16,199853845.68963814,195140572.2165564
2024-09-17,200004219.49691895,193213305.7898278
2024-09-18,201597298.48404145,197019775.7856485
2024-09-19,202368830.8729745,200171295.70084777
2024-09-20,205767820.2182573,208659153.2354977
2024-09-21,207238170.95276907,217600514.4291909
2024-09-22,207953179.81375372,220404005.2393795
2024-09-23,209299552.1355894,217710107.50708652
2024-09-24,210131520.9144314,217967052.86970568
2024-09-25,215069654.1646454,217053500.8190044
2024-09-26,214993822.67606816,209540235.98949498
2024-09-27,214329679.08707985,217322288.5631419
2024-09-28,215843787.8173612,220354459.7713001
2024-09-29,215551727.35407698,219938041.1603533
2024-09-30,216597292.72220257,220216206.8037044
2024-10-01,216358154.2677023,219838047.750571
2024-10-02,214724196.1838199,210213029.7848891
2024-10-03,214024413.0075333,206328715.82214162
2024-10-04,213693492.8847401,204178766.2767256
2024-10-05,216181977.96895313,210852673.3703565
2024-10-06,215983214.83227408,210583484.5505954
2024-10-07,216332537.9846334,213674596.2881274
2024-10-08,216517261.09507385,228361097.69562358
2024-10-09,216027921.24080047,227932036.15593946
2024-10-10,216985847.61892208,221879360.4987858
2024-10-11,219808181.40571493,221004532.90459222
2024-10-12,221470677.3907385,229274257.9126199
2024-10-13,221748614.47147447,231915688.1220271
2024-10-14,222792570.94327146,228601132.14245707
2024-10-15,229314525.08248106,247899731.9645674
2024-10-16,230409796.90126586,257531351.1322202
2024-10-17,233200209.5576938,258698675.58489057
2024-10-18,234131845.90300146,252168958.1408672
2024-10-19,237663419.6071969,257342510.50536507
2024-10-20,240146575.01713634,259713917.9302733
2024-10-21,241713949.7944066,274563762.0064663
2024-10-22,248933642.8734716,287317734.8157193
2024-10-23,251193651.12488407,287142173.80253196
2024-10-24,250980835.9897245,286724184.2323749
2024-10-25,250021074.09319234,273056340.7864685
2024-10-26,249330573.6855492,265135859.8930695
2024-10-27,251584221.01620293,267899381.5288197
2024-10-28,253407051.3071567,271826876.54160607
2024-10-29,254961939.4999835,278271329.1761104
2024-10-30,260639847.1082269,306225286.1207154
2024-10-31,261926746.5202827,301403317.0166753
2024-11-01,263253058.35434827,296219121.4339213
2024-11-02,262545470.42017227,293532793.5987249
2024-11-03,268467972.6679608,292495249.3535161
2024-11-04,263455454.21110785,295133119.78701323
2024-11-05,264527220.77919346,290478120.179397
2024-11-06,262316957.77961046,295418968.6186873
2024-11-07,274150185.4485339,321871066.65569043
2024-11-08,270632706.4347713,336104260.60852385
2024-11-09,264400010.95449516,334639439.82737744
2024-11-10,267450682.55751556,347840248.3962149
2024-11-11,264527162.51317203,334152818.7193624
2024-11-12,266125296.90916657,351877380.8485674
2024-11-13,265997534.9107073,359146129.16168755
2024-11-14,267868439.69822985,368394172.9148765
2024-11-15,254423496.89587677,342299216.4045545
2024-11-16,254481253.55827484,348602477.3323075
2024-11-17,254718075.6969865,348878019.30564654
2024-11-18,254442774.867942,340428500.79040104
2024-11-19,254205401.68603995,345236225.8518565
2024-11-20,250506112.14497906,333957260.25439554
2024-11-21,251068739.81878078,338387068.496122
2024-11-22,251530884.11137915,342046294.561425
2024-11-23,253405968.46909368,341376368.917993
2024-11-24,253308237.37199673,338378461.77121204
2024-11-25,256912110.35263225,345737174.060893
2024-11-26,246021523.0355063,306284569.213497
2024-11-27,247394208.06438935,314346375.00804305
2024-11-28,247634386.1050119,322788187.39763004
2024-11-29,248864231.662821,326815323.426353
2024-11-30,248885259.28068197,326102255.189231
2024-12-01,249126448.07029772,328198491.88229996
2024-12-02,248074897.31173074,321104665.24792004
2024-12-03,246899252.03261316,320170798.70495
2024-12-04,248169297.0267725,327749842.40335
2024-12-05,249189430.87721384,345550484.55111
2024-12-06,248300083.85808325,340970519.57113
2024-12-07,249701977.4597905,347139968.53729
2024-12-08,249174175.01056674,345877088.520295
2024-12-09,246283531.32704997,319987216.351245
2024-12-10,238686533.06787613,308526411.613015
2024-12-11,240910242.90942782,302469730.5916
2024-12-12,240699003.6376789,321781655.01916
2024-12-13,235353951.94077075,311343166.76346004
2024-12-14,235799398.74718767,312658852.30068004
2024-12-15,233531712.48366854,311035046.79656005
2024-12-16,233303335.24523205,313255981.56886
2024-12-17,241871284.587592,344812831.5447
2024-12-18,240979894.16480184,337928440.49432
2024-12-19,233893857.08905923,323235555.48086
2024-12-20,224775537.89240408,283001117.78591996
2024-12-21,230778854.7020447,305943915.60008997
2024-12-22,229504479.2533346,299652055.45601
2024-12-23,228697254.67502835,295554717.80059004
2024-12-24,231065635.127839,302344637.89963996
2024-12-25,232347190.68439776,309623487.11788
2024-12-26,230451704.24972963,301711271.87386
2024-12-27,231114373.87349394,304209253.62654996
2024-12-28,230416349.4236043,297401181.45463
2024-12-29,231505173.3354444,302067812.84342
2024-12-30,229871217.42843604,298777130.24889
2024-12-31,231278805.82330588,297820597.1989
2025-01-01,223488384.07645547,294177555.82641
2025-01-02,226512604.27460694,312945052.15348
2025-01-03,228668516.8794175,318451759.14129996
2025-01-04,231985277.17840582,324776004.25690997
2025-01-05,230554493.28042686,323778879.83493996
2025-01-06,231256041.03264248,330078902.69198
2025-01-07,231415688.96656,330183431.18084997
2025-01-08,225816542.79317605,303675711.32968
2025-01-09,224690011.03404984,298204099.8237
2025-01-10,227673223.45440084,302350439.35174
2025-01-11,227427601.0081878,298608711.79845
2025-01-12,227252869.18902978,297363859.3627
2025-01-13,224448615.63101768,286374119.61872
2025-01-14,229043810.93186417,303761366.98601
2025-01-15,225113924.54452693,297527838.31345004
2025-01-16,229961210.78008232,314073446.4783
2025-01-17,232303122.1960408,323446565.52075
2025-01-18,234114298.95842382,327176035.47175
2025-01-19,237625422.5472296,337052366.14458203
2025-01-20,234682626.49460882,339964125.124922
2025-01-21,231321351.70214057,326077349.31867796
2025-01-22,233896077.64081424,327402953.281628
2025-01-23,232015992.87218451,321721789.55794
2025-01-24,235484497.0738259,341029386.98701
2025-01-25,233937892.65320683,331571302.0319
2025-01-26,234834760.4456755,333784666.23917997
2025-01-27,234474694.62097707,308928590.07641804
2025-01-28,240156432.4091303,328553507.51841795
2025-01-29,240223501.20480624,325291229.43956
2025-01-30,242487708.30125543,335946855.47597396
2025-01-31,238596355.65618727,323549094.94446796
2025-02-01,239678220.14151877,314581613.45191205
2025-02-02,235751911.4904447,296207528.12291795
2025-02-03,227490913.28212878,298383773.666278
2025-02-04,230099761.3311033,295568514.162948
2025-02-05,230529578.45621082,307873813.48022205
2025-02-06,229304882.05363858,296938665.547306
2025-02-07,232115580.41313195,301561712.34621394
2025-02-08,233602686.29098174,298970438.256678
2025-02-09,233201068.00902689,298393016.948754
2025-02-10,237124076.53203046,308424692.745714
2025-02-11,238880089.5220806,303704821.674288
2025-02-12,242075219.91174358,363917679.96421397
2025-02-13,242710708.39980036,360841274.37310594
2025-02-14,245009698.77412274,372022872.188216
2025-02-15,242672832.57550868,366260927.306058
2025-02-16,240135557.97869223,363947015.74098593
2025-02-17,237148533.07799742,360153339.08199006
2025-02-18,235609966.61162075,350267396.128418
2025-02-19,238082191.72360665,342900211.45850396
2025-02-20,238640502.1104065,373445957.369161
2025-02-21,238833464.53840876,360686114.2815647
2025-02-22,239728099.60420996,371637089.44439065
2025-02-23,239549217.38485944,371091905.3171047
2025-02-24,234983217.0024099,346366321.49135
2025-02-25,231981358.04996237,327648936.4685465
2025-02-26,230029341.1245153,311995574.5865065
2025-02-27,234666761.34030667,319246956.82327396
2025-02-28,234319456.11373958,366855576.117972
2025-03-01,236213358.05082384,370058610.79260504
2025-03-02,240046684.92070013,411635794.41701204
2025-03-03,237587187.52815574,350228058.531875
2025-03-04,246480968.62253737,424334429.489736
2025-03-05,248499926.65588632,434303030.12886906
2025-03-06,250457564.71769902,430295246.60348713
2025-03-07,258868077.6846463,433154814.537784
2025-03-08,259026755.50818622,433622127.82606006
2025-03-09,258854149.82884884,406303601.4539161
2025-03-10,256824791.23319548,391479636.794644
2025-03-11,254342643.64121342,403423283.497543
2025-03-12,255058498.00591394,395318657.184559
2025-03-13,260593382.75661495,397783286.458974
2025-03-14,263080169.7859623,416067800.02585495
2025-03-15,263491015.26517263,415894586.247191
2025-03-16,261129973.128133,406370775.77392906
2025-03-17,260013172.8373521,414999054.18766296
2025-03-18,258482251.6594137,410689412.53823996
2025-03-19,258133727.13384283,388651108.27214366
2025-03-20,258236737.65709883,377879118.54453284
2025-03-21,258590499.0414537,424483666.67150503
2025-03-22,258992359.1188588,427796705.82938606
2025-03-23,258464819.25116012,429876766.711812
2025-03-24,262600246.6508992,459318664.112694
2025-03-25,278779100.47953415,474991137.95034707
2025-03-26,285391992.16046387,465072938.14410496
2025-03-27,285565454.1952683,467822049.835456
2025-03-28,294460667.9240718,465287271.19425
2025-03-29,292886966.061704,456654181.587349
2025-03-30,296312611.83711743,456801964.568892
2025-03-31,296295028.58220434,457659884.209658
2025-04-01,286952357.81236887,469481697.95745504
2025-04-02,276587840.89810944,469307953.282391
2025-04-03,278473046.2153496,453236923.84938204
2025-04-04,276878218.01952666,460390628.011993
2025-04-05,286026425.6089717,453753704.552037
2025-04-06,280565799.2088081,427488267.481009
2025-04-07,289148301.2344352,434803581.540955
2025-04-08,297579165.0866638,421888361.91494703
2025-04-09,298209712.66564095,502151044.35698795
2025-04-10,311510814.4716388,478517936.35670304
2025-04-11,324597718.9301113,509920713.088182
2025-04-12,329907793.63426983,522780664.76407
2025-04-13,330070499.9436266,513012359.91090703
2025-04-14,331322535.6955238,521545394.771214
2025-04-15,352603073.2338681,571132680.399144
2025-04-16,360474659.90490925,570463488.022205
2025-04-17,362262517.8392446,572447296.147135
2025-04-18,371925231.68416196,572463217.294286
2025-04-19,374368340.8380087,577101106.744909
2025-04-20,374739076.8529104,572181502.412614
2025-04-21,385901704.274881,570359086.251419
2025-04-22,394220382.56802773,657152404.3244401
2025-04-23,396185350.05093944,674921513.826462
2025-04-24,412457067.28646916,669887265.795826
2025-04-25,411493336.38637865,682559638.578367
2025-04-26,413269094.6981755,671681896.36458
2025-04-27,419849866.6623642,671976683.06775
2025-04-28,423107618.7476321,679131921.1778771
2025-04-29,422091811.16927767,683658168.324015
2025-04-30,417420953.81286407,672394492.268763
2025-05-01,422000278.9344606,690827836.505365
2025-05-02,429843015.8185462,691764884.754568
2025-05-03,429995907.2545917,688561443.1014919
2025-05-04,431594235.1830072,683404514.057344
2025-05-05,440012349.9532653,680239413.6179669
2025-05-06,439121149.4134958,688950523.068888
2025-05-07,443731324.7463144,776632416.503391
2025-05-08,475271089.51462024,830672847.636484
2025-05-09,481344769.69290316,851096341.9341359
2025-05-10,483716753.0842944,878464869.37462
2025-05-11,486496474.0673676,872546758.3826909
2025-05-12,490581552.78107685,873196724.514576
2025-05-13,485869793.92597216,917235225.9898281
2025-05-14,502908029.4093741,937974130.7931769
2025-05-15,509248921.95868796,913505764.68543
2025-05-16,506978439.114351,914002573.5945619
2025-05-17,506867843.39463973,902888896.723101
2025-05-18,506334198.656744,917790977.090674
2025-05-19,514178623.6464521,921415774.867973
2025-05-20,586187850.3743976,938817153.6021019
2025-05-21,592312526.673567,964615429.7622044
2025-05-22,638416068.5418029,986593978.620636
2025-05-23,641242355.8440977,1021240614.5567585
2025-05-24,642265668.3776675,1021673758.9876107
2025-05-25,644868281.2066623,1030916830.8636087
2025-05-26,664288796.2324271,1032829188.130013
2025-05-27,691031048.5458281,1045823492.149867
2025-05-28,696565058.576598,1029137455.7848862
2025-05-29,720955170.8657957,1073266783.828034
2025-05-30,725663466.7105148,984225972.851745
2025-05-31,729002570.1211721,988394794.8973345
2025-06-01,756144957.0426288,993557277.5882844
2025-06-02,763616521.282719,1000035010.5677466
2025-06-03,764554057.8472803,1004143772.6842742
2025-06-04,804181701.8050559,998055423.4758878
2025-06-05,820869862.178446,960674457.6283535
2025-06-06,854230620.4817601,1012609307.0063735
2025-06-07,863315193.5037072,1026432097.5924166
2025-06-08,870510044.7491289,1022920268.7064668
2025-06-09,871944258.5480163,1078589055.0323207
2025-06-10,873207621.1660973,1193169654.1979702
2025-06-11,868854161.7904327,1179304014.7618003
2025-06-12,863283564.51645,1147736492.497532
2025-06-13,822714048.3702133,1236416343.2239318
2025-06-14,822059177.5291637,1226827424.8837354
2025-06-15,824942895.1568431,1231928611.496824
2025-06-16,931662858.7033975,1252101882.701072
2025-06-17,935934637.8776135,1225156845.3901
2025-06-18,938045131.9544516,1242577943.7375762
2025-06-19,940716074.5552411,1243789274.5465848
2025-06-20,939024896.7830489,1213963611.6524034
2025-06-21,935424391.4842013,1190113341.5590415
2025-06-22,924693680.2361255,1194354916.425804
2025-06-23,1034083202.9577045,1259527542.9808073
2025-06-24,1029742495.5769712,1265962393.6274168
2025-06-25,1042944453.4804064,1272166648.0778368
2025-06-26,1042857042.3448001,1266520510.5316536
2025-06-27,1049591628.7807226,1320813424.7722049
2025-06-28,1053196117.4602151,1330237100.9756706
2025-06-29,1053893517.6168945,1345375192.8461194
2025-06-30,1057818317.0562398,1346694133.5688946
2025-07-01,1058698943.6631018,1318863774.2352116
2025-07-02,1071270485.9173175,1435280674.2259724
2025-07-03,1071231630.1160659,1476416843.93676
2025-07-04,1082296724.7964234,1451738227.1762738
2025-07-05,1085480679.1135015,1450567019.8604388
2025-07-06,1089607995.2235007,1470101349.8379073
2025-07-07,1094675614.7129366,1451282747.9982116
2025-07-08,1095731646.8759344,1469926729.41198
2025-07-09,1089119643.3121922,1518068843.297846
2025-07-10,1100163806.0754254,1604947068.2673562
2025-07-11,1097728051.3945758,1688804199.8150566
2025-07-12,1090842887.134288,1684042105.4510572
2025-07-13,1085013338.732879,1698720678.3108714
2025-07-14,1080115284.2270734,1633752611.9482696
2025-07-15,1078712890.4987612,1656537525.1608534
2025-07-16,1070216888.2161608,1707756639.8665311
2025-07-17,1049453307.5475833,1860094535.5102487
2025-07-18,1077334704.0478716,1901785958.5267334
2025-07-19,1077237708.6273804,1908460044.1668587
2025-07-20,1070550759.1409118,1932850352.5687273
2025-07-21,1073270921.3535365,1944260149.7186987
2025-07-22,1059393237.2825344,1961343587.9710255
2025-07-23,1055999807.2805349,1896271081.5578108
2025-07-24,1056130127.2187448,1907721831.24549
2025-07-25,1056071287.1698095,1901778274.5970318
2025-07-26,1058489216.3022114,1913686725.0338051
2025-07-27,1058926907.5111393,1947477415.997483
2025-07-28,1057786899.8103007,1912766864.0690093
2025-07-29,1072445318.9346797,1947165533.31403
2025-07-30,1022813824.0296415,1803929314.3877106
2025-07-31,1019140413.491876,1781471204.5509052
2025-08-01,999873005.4979285,1693527493.3159885
2025-08-02,993069058.6982589,1681491479.583314
2025-08-03,993713000.532731,1709669577.0748065
2025-08-04,1009485723.960459,1774682990.6713808
2025-08-05,1110134922.255144,1754621942.37539
2025-08-06,1090750016.494304,1787675551.5290203
2025-08-07,1088008717.3706987,1868177583.568895
2025-08-08,1084080010.4126647,1875566392.0172522
2025-08-09,1087668070.5862207,1908551237.8232172
2025-08-10,1089568944.295467,1929366529.6143472
2025-08-11,1088121360.7000985,1859594896.425118
2025-08-12,1079666095.1298628,1953775096.846321
2025-08-13,1128491025.6956666,1999571998.2687
2025-08-14,1129085077.1710737,1968896528.58225
2025-08-15,1128754313.2438173,1952976041.2995052
2025-08-16,1132297231.45716,1945356594.3831928
2025-08-17,1133154061.8982317,1965597232.1399174
2025-08-18,1138907395.0041714,1922933578.6230352
2025-08-19,1144064156.678162,1865687746.448153
2025-08-20,1153744319.867741,1895130549.1096876
2025-08-21,1151799839.8158593,1854381737.6141398
2025-08-22,1150085180.9369535,2003185387.779872
2025-08-23,1152913869.3082473,1969324936.1595125
2025-08-24,1145815051.9759474,1954398345.3193958
2025-08-25,1133006421.169307,1856648277.9262643
2025-08-26,1149097629.9618008,1899257734.876178
2025-08-27,1171211472.6359158,1927332819.0910769
2025-08-28,1178832590.5116436,1947891597.931157
2025-08-29,1175246477.956992,1928569307.1068366
2025-08-30,1180028138.533063,1926856141.687358
2025-08-31,1186151864.9402246,1944814726.8816645
2025-09-01,1183772993.6594427,1910334520.9850423
2025-09-02,1185284224.8337681,1955228669.563794
2025-09-03,1222445651.1533432,2064463125.880794
2025-09-04,1272924544.7451034,2023832482.319901
2025-09-05,1282679971.708265,2017650690.8274744
2025-09-06,1288820284.9623804,2002740566.5299573
2025-09-07,1290542596.8156545,2023902835.7895777
2025-09-08,1286834792.5030425,2061646768.007105
2025-09-09,1286670562.0574098,2036718974.5271091
2025-09-10,1290269151.1393785,2109637469.1507626
2025-09-11,1313184328.6458054,2126136950.5962124
2025-09-12,1314017101.1142726,2175000377.4988728
2025-09-13,1321791682.565683,2303444222.386607
2025-09-14,1335252430.2832663,2319168426.511517
2025-09-15,1358439597.4057374,2297866627.0554156
2025-09-16,1435323210.6288888,2353212776.541388
2025-09-17,1465827752.2110822,2366781469.591852
2025-09-18,1505795909.039599,2377452704.8121853
2025-09-19,1539019725.8238034,2333403200.094337
2025-09-20,1552948430.1297626,2338106938.613638
2025-09-21,1563733953.1056075,2328184701.2744527
2025-09-22,1558815248.7105837,2243554238.7274485
2025-09-23,1554607408.790449,2230317381.287096
2025-09-24,1560895699.945842,2190864912.9515195
2025-09-25,1575946454.55834,2111117666.3601253
2025-09-26,1573812923.4292798,2168399141.7648563
2025-09-27,1570355194.268413,2169324941.28406
2025-09-28,1571839906.0936096,2235406174.038188
2025-09-29,1577158843.8685308,2255901425.2733703
2025-09-30,1574379343.2649024,2278041397.395013
2025-10-01,1569870021.7331133,2465298634.795269
2025-10-02,1574983423.667967,2532354046.051643
2025-10-03,1648269553.4370074,2569241168.014647
2025-10-04,1702403456.952791,2554814695.2016263
2025-10-05,1711189771.707054,2570616014.9916825
2025-10-06,1719051926.1183214,2676045411.3086476
2025-10-07,1726472445.9384494,2570693110.858854
2025-10-08,1736845432.3491364,2596552676.9329104
2025-10-09,1761336593.51505,2549057482.941247
2025-10-10,1752404882.8641803,2335855135.7682405
2025-10-11,1696386050.3941336,2327079805.5423527
2025-10-12,1702167001.9415038,2520797526.507987
2025-10-13,1714238496.2874959,2540068902.7072783
2025-10-14,1723501161.0504286,2350911875.791843
2025-10-15,1744319218.778418,2316595758.435437
2025-10-16,1775637112.657593,2244174387.5854483
2025-10-17,1757022209.7427757,2272060551.702221
2025-10-18,1770621772.3207324,2281108349.7992806
2025-10-19,1788507900.1680908,2329300623.121317
2025-10-20,1820586090.2947454,2351677249.6249013
2025-10-21,1861031567.323341,2294243920.34565
2025-10-22,1941226365.3518064,2269572219.783056
2025-10-23,2002241108.0102663,2349465008.708307
2025-10-24,2009213542.891948,2376839292.770454
2025-10-25,2007456730.089713,2394288744.819079
2025-10-26,2008416920.146758,2468909443.067192
2025-10-27,2019252573.6859047,2456919910.5288672
2025-10-28,2135892583.3305142,2481556381.3304124
2025-10-29,2195630689.1994724,2440293734.7610245
2025-10-30,2191206224.9788013,2345507402.471531
2025-10-31,2185173205.5300016,2337019660.3131704
2025-11-01,2175520156.539671,2345229107.6127977
2025-11-02,2170204740.4414945,2339481551.1608086
2025-11-03,2176139697.1124535,2194310513.139749
2025-11-04,2068667698.1979244,2146768472.9195812
2025-11-05,2015065800.600359,2213405942.647394
2025-11-06,1999638447.1077769,2175039075.775347
2025-11-07,1986052212.2387335,2250879132.1951246
2025-11-08,1980633939.2472935,2221415616.0651584
2025-11-09,1973903770.616016,2285029348.2181253
2025-11-10,2005523891.8542237,2314329184.19897
2025-11-11,2020307416.9310083,2198029393.9851704
2025-11-12,2075499439.2225375,2261619919.423448
2025-11-13,2074939571.5879765,2210996645.501464
2025-11-14,2065800476.8888805,2125956272.0507154
2025-11-15,2064971362.7646093,2135952074.789144
2025-11-16,2064470238.4906359,2100970617.7345037
2025-11-17,1926221509.631066,2110069351.4063907
2025-11-18,2003837567.0616794,2165525160.1511564
2025-11-19,2075456073.101721,2063333287.6749203
2025-11-20,2069977987.5183551,2027766268.0340586
2025-11-21,1902978789.527293,1946550919.9935772
2025-11-22,1847609757.6353629,1970308512.8484132
2025-11-23,1848741586.652918,2032072755.0620415
2025-11-24,1898416590.3531444,2228497089.188268
2025-11-25,1924303350.0931818,2169412391.207713
2025-11-26,1916889579.9628744,2207029037.104431
2025-11-27,1947506248.6063206,2220444216.87612
2025-11-28,1978773037.2211702,2215256506.802003
2025-11-29,1982913185.8471136,2204530969.894066
2025-11-30,1980209760.4042094,2215368378.823756
2025-12-01,2049303634.5928445,2009356471.7817311
2025-12-02,2061194231.2739701,2124134439.276442
2025-12-03,2180148503.9666405,2169390775.241302
2025-12-04,2216526789.997153,2252349787.507521
2025-12-05,2304363874.8991466,2144657718.9124398
2025-12-06,2307711692.7447104,2146038514.142732
2025-12-07,2306654472.3706007,2147335304.166256
2025-12-08,2331206580.2829723,2119617090.624364
2025-12-09,2420428757.7901983,2090866091.770955
2025-12-10,2420674541.2215595,2081690732.6892788
2025-12-11,2402731480.3375044,1931246364.7100558
2025-12-12,2445552561.4879103,2033098663.449716
2025-12-13,2459696114.4465065,2033020324.251061
2025-12-14,2465368470.698668,2003933513.625783
2025-12-15,2470440557.037869,1940006370.911669
2025-12-16,2516955499.216417,1970394649.982386
2025-12-17,2521299702.782727,1922730921.241148
2025-12-18,2485268520.078263,1685082842.213407
2025-12-19,2489209884.5432687,1754512131.187253
2025-12-20,2482908872.347199,1758451184.274643
2025-12-21,2471827521.186266,1760270968.8498058
2025-12-22,2451196656.8341107,1690535853.221116
2025-12-23,2339210982.809872,2242127580.140088
2025-12-24,2247293132.5475373,2251102157.7793703
2025-12-25,2239058508.9479103,2234904655.3859158
2025-12-26,2112817284.384623,2235609277.310563
2025-12-27,2110262176.0854633,2240636361.25045
2025-12-28,2126781558.2718406,2249599475.429496
2025-12-29,2102346480.810822,2229090462.748335
2025-12-30,2064789109.9385893,2292043247.608788
2025-12-31,2103043265.3029044,2465685326.916421
2026-01-01,2139357580.7072341,2493930336.823367
2026-01-02,2182126041.132822,1914265886.369226
2026-01-03,2191271891.9347997,1919238863.0064502
2026-01-04,2210301078.40921,1945611425.229638
2026-01-05,2259504890.24389,2040710246.5904078
2026-01-06,2274994603.4806333,2088750262.4408
2026-01-07,2255335410.54537,2007354983.372354
2026-01-08,2283491730.7298713,1992725654.050125
2026-01-09,2159057127.0370994,1972027672.334317
2026-01-10,2149146939.1130157,1966133911.4923558
2026-01-11,2147176508.602782,1965868597.810647
2026-01-12,2151625472.612952,2122676522.088488
2026-01-13,2174811392.5107822,2245938872.791809
2026-01-14,2137020838.760129,2257531563.135067
2026-01-15,2129273688.1547382,2217657876.257678
2026-01-16,2131820757.34302,2215410827.430662
2026-01-17,2141215067.3998919,2209162003.6298046
2026-01-18,2152090653.432898,2216447185.876152
2026-01-19,2224002793.3145256,2137417813.807642
2026-01-20,2226408339.6865263,2029010501.083788
2026-01-21,2146264585.2580714,2202117275.696062
2026-01-22,2145958402.7800093,2176744834.140782
2026-01-23,2158514600.167901,2180889832.259642
2026-01-24,2167156690.253768,2177456610.1705084
2026-01-25,2223917646.2675166,2095738456.254027
2026-01-26,2228647022.190958,2154346032.29492
2026-01-27,2284892953.339666,2187556820.8953867
2026-01-28,2278475458.7443714,2188906835.772851
2026-01-29,2342448875.9380913,2085000845.7086868
2026-01-30,2357348093.829638,2051170651.1825092
2026-01-31,2412440060.611538,1992494470.271544
2026-02-01,2418461342.382587,1965203758.6366098
2026-02-02,2394283732.8890953,2025451203.80906
2026-02-03,2492019017.4627285,1711756091.692918
2026-02-04,2502827166.6746845,1532019036.091165
2026-02-05,2446293588.898167,1389978805.780706
2026-02-06,2281500906.8364015,1624886148.777285
2026-02-07,2311431670.3505063,1582969188.510863
2026-02-08,2325699489.8033004,1609230518.031345
2026-02-09,2422305945.583166,1608899783.0517511
2026-02-10,2402710613.576998,1633953955.270396
2026-02-11,2371656152.318355,1408740322.491541
2026-02-12,2363731964.8208065,1389221795.7951922
2026-02-13,2359432617.6113663,1443060710.7680883
2026-02-14,2373462509.0259833,1488527622.9501119
2026-02-15,2376416673.521453,1467124231.8575377
2026-02-16,2381794524.361751,1462653924.1786249
2026-02-17,2405530816.8922467,1443483382.4592257
2026-02-18,2412063226.7787795,1409029430.5912
2026-02-19,2429540266.179575,1404081232.8771324
2026-02-20,2434041890.43669,1429571274.9847212
2026-02-21,2433088430.3074884,1430826270.9326756
2026-02-22,2426372502.507324,1414053155.8030546
2026-02-23,2414258784.981162,1357585576.3841062
2026-02-24,2399476143.896734,1349690735.186422
2026-02-25,2437399401.3352275,1445756832.8775907
2026-02-26,2432405956.220872,1403580345.4751997
2026-02-27,2428578164.1077847,1359478530.8386176
2026-02-28,2436174834.9907317,1391562320.1146307
2026-03-01,2443812351.040604,1352011352.421969
2026-03-02,2441749223.611382,1431564917.1961544
2026-03-03,2385330756.1138263,1403621427.3462133
2026-03-04,2302060082.6953764,1487411534.0401194
2026-03-05,2272608650.061029,1457487861.976996
2026-03-06,2279895682.79967,1421356824.6989036
2026-03-07,2299136046.91871,1393208314.0576415
2026-03-08,2317438739.424362,1376924278.160649
2026-03-09,2366456372.018371,1418650051.8819199
2026-03-10,2487302335.6936107,1438882400.262442
2026-03-11,2601293532.2453084,1450769482.3411536
2026-03-12,2672534021.9605255,1445837449.6634614
2026-03-13,2741513210.9373364,1459353909.841331
2026-03-14,2770346607.3600984,1459224219.3860636
2026-03-15,2794026797.932957,1507529587.1561592
2026-03-16,2821164991.5311003,1556424715.3598819
2026-03-17,2900785809.361587,1536284665.236263
2026-03-18,2896974048.826747,1386294226.7080975
2026-03-19,2914884080.5891256,1372750862.3547
2026-03-20,2960529055.792986,1378813147.8899856
2026-03-21,2971423760.600712,1369934428.0135927
2026-03-22,2834545245.2549644,1328211468.8603854
2026-03-23,2786694341.0285444,1373192562.7315302
2026-03-24,2780194490.343465,1361602818.1643858
2026-03-25,2788772089.730731,1377806737.4943004
2026-03-26,2834588228.6010494,1838870175.1969104
2026-03-27,2841685107.6282287,1773623353.414902
2026-03-28,2858948021.664031,1793461709.2275987
2026-03-29,2847692135.503474,1767973166.663499
2026-03-30,2850763318.751002,1751630904.1240497
2026-03-31,2872375655.224101,1782911049.672032
2026-04-01,2787910783.7368307,1789989439.8317857
2026-04-02,2774087488.329992,1255541131.4964476
2026-04-03,2775765969.5075545,1253889355.2022865
2026-04-04,2778002258.004316,1260687309.813196
2026-04-05,2772983641.10987,1272075087.5816455
2026-04-06,2843532380.3501425,1284417716.1270168
2026-04-07,2834086758.169,1337716163.6985972
2026-04-08,2815072529.10318,1305521161.876554
2026-04-09,2820943165.205724,1299378798.5853214
2026-04-10,2800909039.9368153,1312790777.6682622
2026-04-11,2801920555.786779,1320570256.6977763
2026-04-12,2803047690.830645,1279155382.4997792
2026-04-13,2792290050.3314195,1340861856.1379821
2026-04-14,2788845542.598493,1452317051.3298178
2026-04-15,2858170935.0668306,1476107370.5582273
2026-04-16,2907046786.069415,1489049425.4930754
2026-04-17,2726152618.617278,1533013444.7563396
2026-04-18,2417586308.511087,1497490514.0379293
2026-04-19,2207279727.137671,1460726180.2563303
2026-04-20,1862980049.164606,1496609710.1514194
2026-04-21,1729709748.4154227,1584617532.6561675
2026-04-22,1626209479.3531568,1621713923.449036
2026-04-23,1609934957.386091,1663074887.7431226
2026-04-24,1504603689.792346,1647539003.4015088
2026-04-25,1506024664.8160725,1648541939.266489
2026-04-26,1506933763.6543837,1661433902.7799861
2026-04-27,1500550603.1099837,1632557465.6175373
2026-04-28,1693480613.1005638,1613507987.2352417
2026-04-29,1699174605.9978452,1694946914.246082
2026-04-30,1704174058.5280786,1698178703.89401
2026-05-01,1702945349.6869555,2031872334.4804776
2026-05-02,1714682466.7044442,2050006571.1867628
2026-05-03,1715837601.3953052,2057696058.6193433
2026-05-04,1732758867.8503847,2074991445.438776
2026-05-05,1727661166.878539,2082308879.3745723
2026-05-06,1723620821.937144,2079440735.8242183
2026-05-07,1731320445.270489,2037446782.403216
2026-05-08,1756360781.331614,2055321802.9273598
2026-05-09,1764106103.4285724,2066286769.9031372
2026-05-10,1777433311.3596342,2107085520.0855608
2026-05-11,1831055903.034327,2101999720.214673
2026-05-12,1864105410.7047536,2067929653.0180402
2026-05-13,1809815327.8991146,1976005848.6404939
2026-05-14,1824982435.2599146,2040383862.2108705
2026-05-15,1842076475.3095176,2075417340.2536998
2026-05-16,1833473068.8158264,2049552221.1357973
2026-05-17,1836592224.4270692,2045420706.54329
2026-05-18,1836254902.3827631,2006813627.7645197
2026-05-19,1838433039.1692243,1987211552.4768815
2026-05-20,1844837251.1081967,1906605216.8186007
2026-05-21,1844914386.0229318,1914340070.6932032
2026-05-22,1842723617.0088964,1868317716.7848566
2026-05-23,1843982789.7972376,1890647577.198968
2026-05-24,1846666594.604481,1894675512.1158838
2026-05-25,1843098590.9032524,1900764137.680013
2026-05-26,1836782281.113677,2014571765.4526684
2026-05-27,1842857745.7468326,1987849605.0435798
2026-05-28,1852949610.099725,1990920159.3330393
2026-05-29,1877830986.6386259,1991188306.440035
2026-05-30,1872229599.745474,2005594271.4433403
2026-05-31,1861707647.4551141,2006573834.476427
2026-06-01,1853478921.6589441,1942425579.971789
2026-06-02,1845697533.8014593,1893279523.8941753
2026-06-03,1813057882.8027115,1871398970.9671597
2026-06-04,1796589385.5680976,1852427148.6427379
2026-06-05,1769578560.1492677,1845769342.409225
2026-06-06,1756077909.1190073,1809857504.1387138
2026-06-07,1742101588.4585977,1885199922.9493823
2026-06-08,1745518471.8665679,1925277388.0129387
2026-06-09,1744134454.1057155,1870148846.1427827
2026-06-10,1741065172.1972125,1898528973.1898851
2026-06-11,1732608644.3097498,1965648010.8175042
2026-06-12,1850290204.4725008,2125191033.2594771
2026-06-13,1855307526.3695884,2129591997.9744058
2026-06-14,1845698653.5407937,2162014177.781644
2026-06-15,1875889825.5924978,2204767526.840575
2026-06-16,1873214849.5168147,2112235212.638136
2026-06-17,1865720249.5512834,2064035780.283454
2026-06-18,1899847724.6626132,2047104214.327531
2026-06-19,1908314937.4324243,2049752583.897696
2026-06-20,1935346971.720594,2080352196.576521
2026-06-21,1927628966.7428703,2060745319.242766
2026-06-22,1915262115.2410228,2064910134.005156
2026-06-23,1915496818.041105,2070393045.2291422
2026-06-24,1871754341.9104047,2013501826.3454492
2026-06-25,1896538376.144825,2012898369.991602
2026-06-26,2007268302.0649164,2353408670.313508
2026-06-27,2005073947.2430532,2360288197.5044136
2026-06-28,2001103042.1601748,2316138308.811821
2026-06-29,2100794501.8118112,2496492126.400876
2026-06-30,2179485357.565597,2431464204.1782393
2026-07-01,2182157503.0559444,2511514831.462307
2026-07-02,2195313689.149831,2559028825.8855352
2026-07-03,2105925816.596042,2347748231.764498
2026-07-04,2106113925.830479,2376418638.3035994
2026-07-05,2118329528.8821425,2392795380.280462
2026-07-06,1974262227.2929661,2207612983.961127
2026-07-07,2027368956.8785577,2177133390.9417896
2026-07-08,2035286895.4909549,2144478830.128852
2026-07-09,2089044956.4658275,2364005345.369485
2026-07-10,2075858169.5587108,2391657440.3739514
2026-07-11,2078708346.0067773,2396628136.5153246
2026-07-12,2089628152.9545777,2380991092.9917364
2026-07-13,2088581027.2760534,2335076015.029659
2026-07-14,2098286930.1897118,2444560420.5161915
2026-07-15,2082335670.6648567,2455368623.793817
2026-07-16,2145290629.6667206,2388100204.896517
2026-07-17,2072426996.2086134,2348545696.114947
2026-07-18,2072967166.7606788,2377459850.655919
2026-07-19,2072809270.0456932,2374259359.9207754
2026-07-20,2067039759.7433503,2394886132.2361093
2026-07-21,2020208836.657666,2492861161.6309896
2026-07-22,1962926819.9642868,2470573932.007576
2026-07-23,1919831038.9446607,2464072720.5834775
2026-07-24,1883843413.693004,2409308493.3569393
2026-07-25,1885549103.1148942,2420487437.0494766
2026-07-26,1886866338.8411095,2459664802.3664083
2026-07-27,1884775213.116152,2395028907.7722554
2026-07-28,1902026589.9474506,2325926356.8781004
2026-07-29,1899396275.4177244,2332055867.602603
2026-07-30,1913989421.5104554,2368140517.9800515
2026-07-31,1928807457.0942454,2300695053.528738
2026-08-01,1961984459.2537,2300783375.951024
2026-08-02,1969985894.1465025,2327116544.4278946
2026-08-03,1978391471.5980508,2332806355.7385664
2026-08-04,2004687904.293512,2354558413.04466
2026-08-05,2021201543.1147914,2442017603.968519
2026-08-06,2022399890.870711,2426065173.3770676
2026-08-07,2010442989.0946598,2440173914.261951
2026-08-08,2008769207.5770998,2445589657.461559
2026-08-09,2000796351.6527827,2449216170.4155865
2026-08-10,1975015157.5638168,2369925785.1364174
2026-08-11,1968340408.900604,2361626697.410712
2026-08-12,1956713682.6493857,2375344984.523329
2026-08-13,1938005472.1334572,2380851783.015176
2026-08-14,1944768990.3929014,2377461097.3657904
2026-08-15,1945494958.6662114,2388074201.928778
2026-08-16,1945982877.859202,2378316927.5300846
2026-08-17,1947205540.0366101,2425855794.818083
2026-08-18,1944067119.6458056,2437462867.1072617
2026-08-19,1930684446.031189,2620654934.2848377
2026-08-20,1922936384.6347463,2728486266.575986
2026-08-21,1920406918.5276978,2949820090.4224606
2026-08-22,1915288412.476966,2903501887.0515556
2026-08-23,1916929797.58135,2936277760.4928465
2026-08-24,1920908652.5222151,3033884272.562844
2026-08-25,1904640152.7570024,3023306127.2348886
2026-08-26,1890744615.413096,2929604058.580769
2026-08-27,1870227598.633975,3016336971.7389
2026-08-28,1857067992.812543,2957675549.5755167
2026-08-29,1855705391.609014,2977369505.2724285
2026-08-30,1858671070.5657423,2980502624.0139294
2026-08-31,1866252032.4366136,2982536606.6402164
2026-09-01,1852165985.9622672,2936407833.685061
2026-09-02,1847733613.0687616,2926964725.389168
2026-09-03,1847153982.1578586,3090384434.942159
2026-09-04,1853370693.76063,2996194284.4260087
2026-09-05,1851862876.3500154,3007713375.721349
2026-09-06,1855368927.6965132,3019253626.923537
2026-09-07,1858701296.9742095,2976443878.257719
2026-09-08,1862271746.2841842,2969348520.9040275
2026-09-09,1841635877.5475874,2909169496.354789
2026-09-10,1815703541.7361338,2875978769.6154757
