pool_name,total_revenue,share_of_total
Protocol OTC Desk,11972104.975799998,0.46308517130393945
Syrup USDC,8860752.488841012,0.3427369783735595
Syrup USDT,2741329.543319001,0.10603557717999389
High Yield Secured Lending,996179.0244559993,0.038532550050478634
Secured Lending,455334.45038299984,0.01761249440949766
AQRU Receivables Financing,398612.256952,0.015418460301475274
Other Pools (Sky/Aave Strategy),192642.260367,0.007451469421856547
syrupUSDG,126981.53572300001,0.004911689827443517
High Yield Corporate USDC,58575.84376000001,0.0022657339454259014
Maple Cash USDC1,44905.21196900001,0.0017369491680150027
Osprey Total Return Credit,5061.2251559999995,0.0001957699438078517
Maple Cash USDT1,433.832092,0.000016780775732175854
High Yield Corporate WETH,9.702570076605445,3.752987745342645e-7
