Month,SYRUP_Avg_Price,SYRUP_Monthly_Volume
2024-11-01 00:00:00,0.22676466598615208,31574296.807848826
2024-12-01 00:00:00,0.19479931297713202,115379136.4754361
2025-01-01 00:00:00,0.13506144278783844,40183289.904601745
2025-02-01 00:00:00,0.12429925048471009,40816137.41722213
2025-03-01 00:00:00,0.13713660336007594,179913765.8823328
2025-04-01 00:00:00,0.13038461096585452,218535202.06638473
2025-05-01 00:00:00,0.3025690149481631,2486878075.443357
2025-06-01 00:00:00,0.47555958669645626,2951721700.57313
2025-07-01 00:00:00,0.4933706996988531,3974571493.399823
2025-08-01 00:00:00,0.4464701742991222,2038049091.1429422
2025-09-01 00:00:00,0.4421617115064025,1156511098.0431502
2025-10-01 00:00:00,0.3908887965085352,1143285592.1627362
2025-11-01 00:00:00,0.3850178459039783,1226222685.097802
2025-12-01 00:00:00,0.2894272377750122,792674064.6398203
2026-01-01 00:00:00,0.36024826917662717,656390033.6278604
2026-02-01 00:00:00,0.259673399025743,401557166.5515591
2026-03-01 00:00:00,0.23348702287046,307945313.6420473
2026-04-01 00:00:00,0.22896045867225587,254495348.325456
2026-05-01 00:00:00,0.22068678192534716,313075201.1852983
2026-06-01 00:00:00,0.13599554538545156,263378088.8722151
