date,aum_usd,deposits_usd,outstanding_usd,collateral_usd,liquidity_deploy_usd,gross_loans_usd,util_pct,lp_yield_30d,exch_rate,pct_loans_to_borrowoers,pct_parked_in_defi_strategy,cumulative_originations_usd,maple_total_tvl_usd,pct_of_maple_tvl,total_supply_value_usd,ethereum_supply_value_usd,robinhood_supply_value_usd
2026-09-10,333804115.1918074,146515016.5534725,105200000,187289098.6383349,30000000,135200000,0.9232126958212483,0.04979477560360334,1.010321209956301,0.7781065088757396,0.22189349112426035,216100026.5,4691682311.351609,0.07114806439135113,,,
2026-09-09,332267226.3573919,145289110.39230415,102800000,186978115.96508774,30000000,132800000,0.9156349948916201,0.049943281871553225,1.0101943731518312,0.7740963855421686,0.22590361445783133,213700026.5,4750805373.902376,0.0699391366740968,,,
2026-09-08,334294638.3869052,145123193.10161966,102800000,189171445.28528553,30000000,132800000,0.9181475600848944,0.04999433210240477,1.010063994029828,0.7740963855421686,0.22590361445783133,181400026.5,4831620267.188211,0.06918893040024643,,,
2026-09-07,332054654.36308753,142065126.03962103,102800000,189989528.3234665,30000000,132800000,0.9378791278158636,0.0497871001389388,1.0099155596753577,0.7740963855421686,0.22590361445783133,181400026.5,4835145175.231927,0.06867521911524815,235476046.99707988,139779372.9184519,95696674.07862797
2026-09-06,334238209.98246086,141147187.60268536,102800000,193091022.3797755,30000000,132800000,0.9438977084601556,0.04989691294417224,1.009785453731981,0.7740963855421686,0.22590361445783133,181400026.5,4874622554.6200485,0.06856699287736197,235476046.99707988,139779372.9184519,95696674.07862797
2026-09-05,332299582.84862626,140570634.16064474,102800000,191728948.68798152,30000000,132800000,0.9476796844288471,0.050046912081148705,1.009662927495941,0.7740963855421686,0.22590361445783133,181400026.5,4859576252.071364,0.06838036191056486,235011139.19609988,139225300.0837059,95785839.11239398
2026-09-04,331949598.5985526,141162893.02250808,102800000,190786705.5760445,30000000,132800000,0.9435901212860516,0.04978505359301673,1.0095097721019572,0.7740963855421686,0.22590361445783133,181400026.5,4849564978.186636,0.06844935578586189,235618941.10752088,139833101.9951269,95785839.11239398
2026-09-03,332983366.47424746,138356229.62087148,102800000,194627136.85337597,30000000,132800000,0.9626851544733459,0.04986674309018793,1.0093798044685478,0.7740963855421686,0.22590361445783133,181400026.5,4937538417.100017,0.06743914443704113,231110299.4504029,137070524.80599192,94039774.64441097
2026-09-02,324083776.12002236,139511353.20006686,102800000,184572422.9199555,30000000,132800000,0.9545874336894332,0.05004904332681088,1.009257182562508,0.7740963855421686,0.22590361445783133,181400026.5,4774698338.457929,0.0678752359096032,231553127.7308839,138231706.9602369,93321420.77064697
2026-09-01,322766478.7505617,137266816.25978422,102800000,185499662.4907775,30000000,132800000,0.9701345184408612,0.04976649630569063,1.0091046949774916,0.7740963855421686,0.22590361445783133,181400026.5,4788573819.647328,0.06740346727584394,229443897.00141186,136028309.8988049,93415587.10260697
2026-08-31,329102792.49939716,140127147.91180465,102800000,188975644.5875925,30000000,132800000,0.9501755746757542,0.050035332350119366,1.0089872512379012,0.7740963855421686,0.22590361445783133,181400026.5,4848788639.07683,0.06787319823494217,233067184.23807186,138878997.3808029,94188186.85726897
2026-08-30,322066972.11408997,135001833.83858898,102800000,187065138.27550098,30000000,132800000,0.9862357164510255,0.050074546936510665,1.0088541710878942,0.7740963855421686,0.22590361445783133,181400026.5,4839173694.579672,0.06655412523729726,229421241.81527287,133816985.26801789,95604256.54725498
2026-08-29,323084644.43090683,135202237.09726036,102800000,187882407.33364648,30000000,132800000,0.9846599945757787,0.049761483901650215,1.0086994774261868,0.7740963855421686,0.22590361445783133,181400026.5,4833074896.881443,0.06684867322030913,229640438.81558487,134036182.26832989,95604256.54725498
2026-08-28,321496940.5832572,135622558.0241037,102800000,185874382.5591535,30000000,132800000,0.9814914294603944,0.05003478579516528,1.0085819548486454,0.7740963855421686,0.22590361445783133,181400026.5,4814743542.388059,0.06677342993512762,230371426.51712286,134468544.9569009,95902881.56022198
2026-08-27,290832108.4587654,135612254.5118649,82300000,155219853.9469005,27000000,109300000,0.8077870409287765,0.0500508979663009,1.0084473585971787,0.7529734675205856,0.24702653247941445,160900026.5,4886564570.372876,0.059516681764950674,230658314.8417199,134476275.1087349,96182039.73298499
2026-08-26,287857352.2016613,135786224.4310428,82300000,152071127.7706185,52000000,134300000,0.9912016811934166,0.049891560011509795,1.0083048683404157,0.612807148175726,0.387192851824274,160900026.5,4820348673.993864,0.05971712248839444,230849855.6005079,134667815.8675229,96182039.73298499
2026-08-25,287580014.2075128,135152925.6655143,82300000,152427088.5419985,32000000,114300000,0.8476023346630474,0.050024887444504514,1.008176245735732,0.7200349956255468,0.2799650043744532,160900016.5,4927946279.99189,0.05835697019976161,229743127.6996709,134056833.9666859,95686293.73298499
2026-08-24,288251579.1832482,136099384.34227473,82300000,152152194.8409735,32000000,114300000,0.8416117119079052,0.050048284602411196,1.008042120686696,0.7200349956255468,0.2799650043744532,160900016.5,4954792925.08506,0.058176312015763954,231523290.1000509,135013578.7670659,96509711.33298498
2026-08-23,275424798.5269296,125463926.79511112,82300000,149960871.7318185,32000000,114300000,0.9130209324755209,0.04984175262560437,1.0078990975664082,0.7200349956255468,0.2799650043744532,160900016.5,4853207558.074197,0.05675108579865087,220166925.7644149,124480632.05836292,95686293.70605199
2026-08-22,273266143.2003771,124454549.37276658,82300000,148811593.82761052,32000000,114300000,0.9203428851615704,0.05004133531873921,1.0077715629958213,0.7200349956255468,0.2799650043744532,160900016.5,4818790299.5285225,0.05670845299641154,218120493.7209639,123494791.74137692,94625701.97958699
2026-08-21,272256943.5334745,120659560.51369101,82300000,151597383.0197835,32000000,114300000,0.9492466926877265,0.05008617704529573,1.0076379370283228,0.7200349956255468,0.2799650043744532,160900016.5,4870227008.950159,0.055902310720453055,210750415.02947992,119744946.07969493,91005468.949785
2026-08-20,261064467.80442357,120641470.25075608,82300000,140422997.5536675,31000000,113300000,0.9409852633059006,0.049847236934986675,1.0074944310080978,0.7263901147396293,0.2736098852603707,160900016.5,4651422651.210732,0.056125724833126125,210749515.62912792,119744046.67934293,91005468.949785
2026-08-19,253492378.11684698,119682984.8277835,82300000,133809393.28906348,31000000,113300000,0.9484297115848268,0.05005347959450023,1.007367367890506,0.7263901147396293,0.2736098852603707,160900016.5,4551339380.316027,0.05569621531920247,209813143.8546549,118807674.90486993,91005468.949785
2026-08-18,245030974.68245637,120216257.88844289,82300000,124814716.79401349,31000000,113300000,0.9441093573577336,0.05008795321931524,1.0072327159390495,0.7263901147396293,0.2736098852603707,160900016.5,4381529986.753068,0.055923610114109144,210289018.8689379,119353001.46008193,90936017.40885599
2026-08-17,242373241.5816728,118231004.64017029,82300000,124142236.9415025,31000000,113300000,0.9598813350376816,0.04984578395185789,1.007089683997433,0.7263901147396293,0.2736098852603707,160900016.5,4373061334.854692,0.05542415782049084,207655073.35959393,117398675.06137094,90256398.29822299
2026-08-16,237249068.3482824,115813138.1530959,82300000,121435930.1951865,26000000,108300000,0.9366396318707381,0.05008093164540918,1.00696460684987,0.7599261311172668,0.24007386888273316,160900016.5,4324299805.389287,0.05486415813552143,202319135.56468293,115012113.92697594,87307021.637707
2026-08-15,236241809.81366262,114377084.0942551,82300000,121864725.71940751,26000000,108300000,0.9483178914106357,0.050093162639960026,1.0068270545284512,0.7599261311172668,0.24007386888273316,160900016.5,4333569160.59499,0.054514373962645406,199071153.44753194,113601510.32051194,85469643.12702
2026-08-14,235965108.64830482,114577973.29284331,82300000,121387135.35546151,26000000,108300000,0.9465521231595195,0.0498406181920775,1.0066841331197998,0.7599261311172668,0.24007386888273316,160900016.5,4322230087.758692,0.05459337051875121,199286837.07733595,113817193.95031594,85469643.12702
2026-08-13,227304156.8175733,104653882.49031581,82300000,122650274.3272575,17000000,99300000,0.9502573779688473,0.05007864293267192,1.0065603572101116,0.8288016112789527,0.17119838872104734,160900016.5,4318857255.148631,0.052630625044761,188693565.02900994,103971780.40548094,84721784.623529
2026-08-12,226848488.28398696,104404215.14146948,82300000,122444273.14251748,17000000,99300000,0.952426589190771,0.05013104400569604,1.0064263927688057,0.8288016112789527,0.17119838872104734,160900016.5,4332058667.172713,0.05236505451853402,188421746.96301395,103737546.85623494,84684200.10677901
2026-08-11,229934150.98951215,107025225.36233416,82300000,122908925.62717798,17000000,99300000,0.9289691234167154,0.050022460270337445,1.0062939497576118,0.8288016112789527,0.17119838872104734,160900016.5,4329967106.3113165,0.05310297869338602,189240376.75860596,106355817.12994894,82884559.62865701
2026-08-10,229062418.1643413,105462258.07397781,82300000,123600160.09036349,17000000,99300000,0.9426495065855263,0.05004247027065745,1.0061559206946877,0.8288016112789527,0.17119838872104734,160900016.5,4344940942.700233,0.052719339844924745,186445129.72146297,104817002.85538594,81628126.866077
2026-08-09,236821411.23081726,111166341.01094978,82300000,125655070.21986748,17000000,99300000,0.8958078370331073,0.050096436151665036,1.0060220424927433,0.8288016112789527,0.17119838872104734,160900016.5,4450012522.068369,0.053218144905520966,191876567.12447995,110500889.89628795,81375677.228192
2026-08-08,236469395.41365892,111066628.33337542,82300000,125402767.0802835,17000000,99300000,0.8965174545397372,0.05004342316429886,1.005890520925275,0.8288016112789527,0.17119838872104734,160900016.5,4454358865.038658,0.05308719000385405,190347265.69243395,110416209.28319795,79931056.409236
2026-08-07,230570051.03717956,105246669.77930807,82300000,125323381.2578715,17000000,99300000,0.9461293238168578,0.05005457780402427,1.0057522868230417,0.8288016112789527,0.17119838872104734,160900016.5,4450616903.35661,0.051806312707635194,179029918.67512894,104644713.31627496,74385205.358854
2026-08-06,232215522.3157745,107967946.494533,82300000,124247575.8212415,23900000,106200000,0.9861956616647988,0.050155177426455165,1.0056184419967487,0.7749529190207156,0.22504708097928436,160900016.5,4448465064.247779,0.05220126919329677,181749919.37898296,107364714.02012895,74385205.358854
2026-08-05,237051571.054451,110520816.5085065,83300000,126530754.54594448,23900000,107200000,0.9723436406128764,0.050087217965413336,1.0054865117374356,0.7770522388059702,0.22294776119402984,160900016.5,4463219147.083311,0.053112241017643703,184439431.83374095,109917741.47488695,74521690.358854
2026-08-04,233757707.36685675,107916685.87371226,81800000,125841021.4931445,23900000,105700000,0.9818192112103514,0.05010851137021694,1.0053506322895032,0.7738883632923368,0.2261116367076632,159400016.5,4359246317.338171,0.05362342257126529,179158238.28300196,107342326.50199395,71815911.78100799
2026-08-03,229142220.37731504,104634519.49717554,81800000,124507700.8801395,20200000,102000000,0.9771394956486549,0.049931849806264986,1.0052141546957944,0.8019607843137255,0.1980392156862745,159400016.5,4311197827.3366165,0.05315047686384532,172559604.04183596,104091758.91151196,68467845.13032399
2026-08-02,228283700.88731214,104184852.99050213,81800000,124098847.89681001,9700000,91500000,0.8802522984301284,0.04991139587882903,1.0050845093132441,0.8939890710382513,0.10601092896174863,159400016.5,4297102438.574397,0.05312503114611514,172819651.06773695,103657793.92107496,69161857.146662
2026-08-01,225129277.89105776,102142516.77109824,81800000,122986761.11995952,9700000,91500000,0.8978251418466907,0.049714534518360734,1.0049463832321384,0.8939890710382513,0.10601092896174863,159400016.5,4262767835.204724,0.05281293436433319,168583956.40866795,101639757.52927296,66944198.879395
2026-07-31,219076309.80853632,95849866.45272881,81800000,123226443.35580751,9700000,91500000,0.9567946611148723,0.04971480257760444,1.004810751805972,0.8939890710382513,0.10601092896174863,159400016.5,4229502510.622983,0.05179718164448319,156545556.85661396,95390954.19943295,61154602.657181
2026-07-30,219705848.87658945,92754239.60030293,81800000,126951609.27628651,6900000,88700000,0.9584327586104017,0.049837791612997125,1.0046813003992492,0.9222096956031567,0.0777903043968433,159400016.5,4282129939.4905066,0.05130760905932022,150450394.00037295,92322042.33982496,58128351.660548
2026-07-29,216058859.62237954,90942684.86472304,81800000,125116174.7576565,6900000,88700000,0.9774457765571453,0.049712082874022456,1.004542752980419,0.9222096956031567,0.0777903043968433,159400016.5,4231452143.020327,0.0510602158123809,146869135.26710296,90531412.97318996,56337722.293913
2026-07-28,217214946.82857358,92387088.32486309,81800000,124827858.5037105,6900000,88700000,0.9620131514630597,0.049646365978212204,1.0044074290298204,0.9222096956031567,0.0777903043968433,159400016.5,4227952946.8255515,0.051375913961309284,147045027.44509995,91981675.57365397,55063351.871446
2026-07-27,216063755.0560767,91151541.4162212,81800000,124912213.6398555,6900000,88700000,0.9749578589064468,0.04965605164815662,1.0042780358635357,0.9222096956031567,0.0777903043968433,159400016.5,4279804120.8884077,0.05048449624167049,144707136.490528,90763242.96494597,53943893.525582
2026-07-26,220596893.56813937,92549588.47235087,81800000,128047305.09578851,6900000,88700000,0.9600911421562338,0.04954878927167464,1.0041394466714717,0.9222096956031567,0.0777903043968433,159400016.5,4346531141.207518,0.05075240149018119,142456325.41870397,92168053.68790197,50288271.730802
2026-07-25,216625659.36401647,90528711.63784298,81800000,126096947.72617349,6900000,88700000,0.9814385115025875,0.04955884215761603,1.0040040199163294,0.9222096956031567,0.0777903043968433,159400016.5,4306036540.1643715,0.050307436396196344,138304229.59366798,90167668.45748997,48136561.136178
2026-07-24,215868442.61030155,90265476.99381804,81800000,125602965.61648351,6900000,88700000,0.9841813817729966,0.048214938478663934,1.003877800027525,0.9222096956031567,0.0777903043968433,159400016.5,4293151907.0499425,0.05028204155921342,137887345.51244098,89916787.63347997,47970557.878961004
2026-07-23,218492125.55812865,90863049.50435615,81800000,127629076.05377251,6900000,88700000,0.977576442169935,0.04640341198848293,1.0037350920320263,0.9222096956031567,0.0777903043968433,159400016.5,4383903759.528137,0.049839626402210555,139189978.34472498,90524920.55753097,48665057.787194006
2026-07-22,220111966.5269756,90758851.76153809,81800000,129353114.76543751,6900000,88700000,0.9785937495348079,0.044671943496689084,1.0035984787434349,0.9222096956031567,0.0777903043968433,159400016.5,4433500751.971863,0.049647440891732716,135908724.38919297,90433418.98962297,45475305.39957
2026-07-21,224159968.0823267,94345124.06529321,81800000,129814844.0170335,6900000,88700000,0.9412349259524635,0.04310057198584963,1.003474317144935,0.9222096956031567,0.0777903043968433,159400016.5,4513069998.288655,0.049669065218870434,137277192.55767098,94018464.06889497,43258728.488776006
2026-07-20,220940741.65981078,93371037.51370828,81800000,127569704.1461025,6900000,88700000,0.9509497864861741,0.041296565778000185,1.0033315621141141,0.9222096956031567,0.0777903043968433,159400016.5,4461925891.97946,0.0495169007752825,124549969.18206596,93060989.01508796,31488980.166978
2026-07-19,218935478.4944169,92306750.50347239,81800000,126628727.9909445,6900000,88700000,0.9618070826650228,0.03957025565958152,1.003194742652503,0.9222096956031567,0.0777903043968433,159400016.5,4447068629.96647,0.049231414379154216,122153691.42665896,92012783.30811496,30140908.118544
2026-07-18,219181075.79216996,92277395.12517746,81800000,126903680.6669925,6900000,88700000,0.9619948347624715,0.03801497168612509,1.0030712992620827,0.9222096956031567,0.0777903043968433,159400016.5,4450427017.416597,0.04924944840897562,122117807.62230697,91994841.40593897,30122966.216368
2026-07-17,216684247.95788506,91427853.60574456,81800000,125256394.3521405,6900000,88700000,0.9708201011556657,0.03621546224670438,1.0029282596055837,0.9222096956031567,0.0777903043968433,159400016.5,4420972692.323559,0.049012799453416425,120450026.09370598,91160900.79306097,29289125.300645
2026-07-16,218966197.78542724,93723127.82180673,81800000,125243069.96362051,5900000,87700000,0.9362389761697758,0.03448255827741521,1.0027902986442774,0.9327251995438997,0.06727480045610035,159400016.5,4533390834.563236,0.04830075450719953,122751455.28191099,93462329.98126598,29289125.300645
2026-07-15,223418804.35806882,93507196.1440643,84700000,129911608.21400452,3000000,87700000,0.9382883912006652,0.032945753594095684,1.0026677720754544,0.9657924743443558,0.03420752565564424,172400016.5,4537704294.458673,0.0492360872062338,122547519.27877498,93258393.97812998,29289125.300645
2026-07-14,211246140.93594027,86600777.58914077,81500000,124645363.3467995,3000000,84500000,0.9768529092243121,0.031167796713500142,1.002525809966697,0.9644970414201184,0.03550295857988166,141600016.5,4542847350.705902,0.046500823080290216,104805869.21569699,86382581.57838298,18423287.637314
2026-07-13,210469490.95337164,88303011.17737114,84600000,122166479.7760005,3000000,87600000,0.9930453188967172,0.029447918393111075,1.002388271249101,0.9657534246575342,0.03424657534246575,135600016.5,4423657042.305713,0.04757816642215782,104021930.26043099,88092612.10074998,15929318.159681
2026-07-12,217376139.76953998,91450148.6911465,84600000,125925991.07839349,3000000,87600000,0.9587213683246525,0.027907164938943692,1.0022648779411054,0.9657534246575342,0.03424657534246575,135600016.5,4470619245.946314,0.0486232729317406,109761745.32715298,91243483.31586598,18518262.011287
2026-07-11,217956410.21652332,91437461.64515583,84600000,126518948.57136749,3000000,87600000,0.9587383938522523,0.026173499741003557,1.0021258319058253,0.9657534246575342,0.03424657534246575,135600016.5,4475336482.522102,0.04870168110659977,109761745.32715298,91243483.31586598,18518262.011287
2026-07-10,215125482.85449767,88774413.04872318,84600000,126351069.8057745,3000000,87600000,0.9873972499183088,0.02446082458519076,1.0019882574807164,0.9657534246575342,0.03424657534246575,135600016.5,4467515609.932661,0.048153269431495116,104642078.40939298,88598246.90165998,16043831.507732999
2026-07-09,217873677.6432118,93245896.4216083,84600000,124627781.22160351,3000000,87600000,0.9400420829351513,0.0228841448868387,1.001861420450763,0.9657534246575342,0.03424657534246575,85600016.5,4453050301.835312,0.048926839553870706,104310394.65485299,93072639.08918698,11237755.565666
2026-07-08,213820319.66059083,90822974.30543132,84600000,122997345.3551595,3000000,87600000,0.9650205241366006,0.021164347107543547,1.001722865420522,0.9657534246575342,0.03424657534246575,85600016.5,4179765725.6198063,0.05115605363955751,101300600.389305,90666757.66662799,10633842.722677
2026-07-07,135784003.3452095,84678569.025792,29600000,51105434.3194175,3000000,32600000,0.38517746110252776,0.01941451135209254,1.0015816704024914,0.9079754601226994,0.09202453987730061,29600016.5,4204502347.820348,0.03229490486920555,89056758.943445,84544836.94369799,4511921.999747001
2026-07-06,97539557.10948291,46879815.55786492,28600000,50659741.551617995,3000000,31600000,0.6746143533135378,0.017854399326483743,1.0014555965773164,0.9050632911392406,0.0949367088607595,28600016.5,4181875211.254093,0.023324358614764115,48535716.553919,46811666.641567,1724049.9123520004
2026-07-05,97113636.9727883,46873402.1913058,28600000,50240234.7814825,3000000,31600000,0.6746490101136114,0.01616152101993345,1.001318593012838,0.9050632911392406,0.0949367088607595,28600016.5,4511124909.162605,0.021527587670104084,48535716.553919,46811666.641567,1724049.9123520004
2026-07-04,96678422.70531818,46858605.98770069,28600000,49819816.71761749,3000000,31600000,0.6748044468735328,0.014655156611499234,1.0011965076516556,0.9050632911392406,0.0949367088607595,28600016.5,4482532564.134079,0.021567812686709216,48526646.223484,46802596.311132,1724049.9123520004
2026-07-03,96175164.00925907,46852637.518333584,28600000,49322526.49092549,3000000,31600000,0.6748327115706139,0.013083872013381254,1.0010689833568027,0.9050632911392406,0.0949367088607595,28600016.5,4453674048.360541,0.02159456730890813,48526646.223484,46802596.311132,1724049.9123520004
2026-07-02,80574264.61138448,32147839.67613948,28600000,48426424.935245,3000000,31600000,0.9836383191368774,0.01158093625270784,1.0009468362297689,0.9050632911392406,0.0949367088607595,28600016.5,4754342515.035366,0.016947509430919726,33641234.081948996,32117419.730063997,1523814.3518850002
2026-07-01,78154630.31673302,32123492.155978523,27600000,46031138.160754494,3000000,30600000,0.9531164783533617,0.009920852790468468,1.0008117235919853,0.9019607843137255,0.09803921568627451,27600015,4693672334.518251,0.016651062269934666,33601250.43859299,32097427.908385996,1503822.5302070002
2026-06-30,76715910.07995027,32119044.348720774,27600000,44596865.7312295,3000000,30600000,0.9531331033661004,0.00822086157392104,1.0006731514848592,0.9019607843137255,0.09803921568627451,27600015,4610949561.743835,0.016637768219467736,33601250.440937996,32097427.910730995,1503822.5302070002
2026-06-29,54913812.40250221,21516083.72649971,20000000,33397728.6760025,1000000,21000000,0.976537902779659,0.006651101964100437,1.0005450044369328,0.9523809523809523,0.047619047619047616,20000015,4597286628.212687,0.011944831123973527,22008834.499605995,21504353.752840996,504480.74676500005
2026-06-28,54194180.51164947,21513295.95389697,20000000,32680884.557752497,1000000,21000000,0.976537902779659,0.005065367171938404,1.000415366906858,0.9523809523809523,0.047619047619047616,20000015,4317241350.971995,0.012552965216885092,22008834.499605995,21504353.752840996,504480.74676500005
2026-06-27,54835089.38519172,21510508.181294225,20000000,33324581.2038975,1000000,21000000,0.976537902779659,0.0034819253058457717,1.0002857293767835,0.9523809523809523,0.047619047619047616,20000015,4365362144.747466,0.012561406721128725,22008834.499605995,21504353.752840996,504480.74676500005
2026-06-26,54733672.50727398,21507720.40869148,20000000,33225952.0985825,1000000,21000000,0.976537902779659,0.0019007733466719183,1.000156091846709,0.9523809523809523,0.047619047619047616,20000015,4360676972.378425,0.012551645731607778,22008834.499605995,21504353.752840996,504480.74676500005
2026-06-25,53238460.87184671,20129952.61210422,20000000,33108508.259742495,0,20000000,0.9935645992869435,0.0002484113154040169,1.0000204150509746,1,0,20000015,3909436746.1364274,0.013617936375223514,20259061.333278995,20129531.666484997,129529.666794
2026-06-24,129541.666796,129541.666796,0,0,0,0,0,6.682895454404136e-11,1.000000000015439,,,15,3885256168.2558546,0.00003334185988929349,259061.333588,129531.666794,129529.666794
2026-06-23,129541.666794,129541.666794,0,0,0,0,0,,1,,,,3985889863.2702475,0.00003250006177735096,259061.333588,129531.666794,129529.666794
2026-06-22,129541.666794,129541.666794,0,0,0,0,0,,1,,,,3980172249.246178,0.000032546748904782816,259061.333588,129531.666794,129529.666794
2026-06-21,129541.666794,129541.666794,0,0,0,0,0,,1,,,,3988374285.985636,0.00003247981696431651,259061.333588,129531.666794,129529.666794
2026-06-20,129541.666794,129541.666794,0,0,0,0,0,,1,,,,4015699168.2971153,0.00003225880758616015,259061.333588,129531.666794,129529.666794
2026-06-19,129541.666794,129541.666794,0,0,0,0,0,,1,,,,3958067521.33012,0.00003272851362335202,259061.333588,129531.666794,129529.666794
2026-06-18,5029.5,5029.5,0,0,0,0,0,,1,,,,3946951938.9901447,0.000001274274447153981,10037,5019.5,5017.5
2026-06-17,5029.5,5029.5,0,0,0,0,0,,1,,,,3929756029.834738,0.0000012798504441028902,10037,5019.5,5017.5
2026-06-16,5029.5,5029.5,0,0,0,0,0,,1,,,,3985450062.1549497,0.0000012619653794584314,10037,5019.5,5017.5
2026-06-15,5029.5,5029.5,0,0,0,0,0,,1,,,,4080657352.433072,0.0000012325220094750628,10037,5019.5,5017.5
2026-06-14,5029.5,5029.5,0,0,0,0,0,,1,,,,4007712831.3224382,0.0000012549551855840928,10037,5019.5,5017.5
2026-06-13,5029.5,5029.5,0,0,0,0,0,,1,,,,3984899524.343994,0.0000012621397275576155,10037,5019.5,5017.5
2026-06-12,5029.5,5029.5,0,0,0,0,0,,1,,,,3975481237.731978,0.0000012651298545353827,10037,5019.5,5017.5
2026-06-11,5029.5,5029.5,0,0,0,0,0,,1,,,,3698256655.1272545,0.0000013599651049169648,10037,5019.5,5017.5
2026-06-10,5029.5,5029.5,0,0,0,0,0,,1,,,,3639594145.387097,0.000001381884847346098,10037,5019.5,5017.5
2026-06-09,5029.5,5029.5,0,0,0,0,0,,1,,,,3614283300.248499,0.0000013915621942680027,10037,5019.5,5017.5
2026-06-08,5029.5,5029.5,0,0,0,0,0,,1,,,,3670795859.879506,0.000001370138845085516,10037,5019.5,5017.5
2026-06-07,29.5,29.5,0,0,0,0,0,,1,,,,3627301511.4079795,8.132767542819795e-9,24.5,19.5,5
2026-06-06,29.5,29.5,0,0,0,0,0,,1,,,,3565935413.257721,8.272724147028163e-9,24.5,19.5,5
2026-06-05,29.5,29.5,0,0,0,0,0,,1,,,,3615347902.558492,8.159657326235072e-9,24.5,19.5,5
2026-06-04,15,15,0,0,0,0,0,,1,,,,3649016534.2108355,4.110696638222829e-9,5,5,
2026-06-03,15,15,0,0,0,0,0,,1,,,,3684456853.7698708,4.071156372655651e-9,5,5,
2026-06-02,15,15,0,0,0,0,0,,1,,,,3738977057.6956344,4.011792468511331e-9,5,5,
2026-06-01,15,15,0,0,0,0,0,,1,,,,3795904501.630733,3.9516273377151486e-9,5,5,
2026-05-31,20,20,0,0,0,0,0,,1,,,,3868281481.9315414,5.170254567414117e-9,10,10,
2026-05-30,20,20,0,0,0,0,0,,1,,,,3877823871.1888146,5.15753181793392e-9,10,10,
2026-05-29,20,20,0,0,0,0,0,,1,,,,3869019293.078661,5.169268614343242e-9,10,10,
2026-05-28,10,10,0,0,0,0,0,,1,,,,3843869769.4327645,2.601544953349366e-9,,,
2026-05-27,10,10,0,0,0,0,0,,1,,,,3830707350.790413,2.610483935280684e-9,,,
2026-05-26,10,10,0,0,0,0,0,,1,,,,3851354046.5663447,2.5964894110203786e-9,,,
2026-05-25,10,10,0,0,0,0,0,,1,,,,3743862728.5832653,2.6710381028804846e-9,,,
